-- phpMyAdmin SQL Dump
-- version 4.0.4
-- http://www.phpmyadmin.net
--
-- Host: localhost
-- Generation Time: May 06, 2022 at 03:12 PM
-- Server version: 5.6.12-log
-- PHP Version: 5.4.12

SET SQL_MODE = "NO_AUTO_VALUE_ON_ZERO";
SET time_zone = "+00:00";


/*!40101 SET @OLD_CHARACTER_SET_CLIENT=@@CHARACTER_SET_CLIENT */;
/*!40101 SET @OLD_CHARACTER_SET_RESULTS=@@CHARACTER_SET_RESULTS */;
/*!40101 SET @OLD_COLLATION_CONNECTION=@@COLLATION_CONNECTION */;
/*!40101 SET NAMES utf8 */;

--
-- Database: `emotion_recognition`
--
CREATE DATABASE IF NOT EXISTS `emotion_recognition` DEFAULT CHARACTER SET latin1 COLLATE latin1_swedish_ci;
USE `emotion_recognition`;

-- --------------------------------------------------------

--
-- Table structure for table `auth_group`
--

CREATE TABLE IF NOT EXISTS `auth_group` (
  `id` int(11) NOT NULL AUTO_INCREMENT,
  `name` varchar(80) NOT NULL,
  PRIMARY KEY (`id`),
  UNIQUE KEY `name` (`name`)
) ENGINE=InnoDB DEFAULT CHARSET=latin1 AUTO_INCREMENT=1 ;

-- --------------------------------------------------------

--
-- Table structure for table `auth_group_permissions`
--

CREATE TABLE IF NOT EXISTS `auth_group_permissions` (
  `id` int(11) NOT NULL AUTO_INCREMENT,
  `group_id` int(11) NOT NULL,
  `permission_id` int(11) NOT NULL,
  PRIMARY KEY (`id`),
  UNIQUE KEY `auth_group_permissions_group_id_permission_id_0cd325b0_uniq` (`group_id`,`permission_id`),
  KEY `auth_group_permissio_permission_id_84c5c92e_fk_auth_perm` (`permission_id`)
) ENGINE=InnoDB DEFAULT CHARSET=latin1 AUTO_INCREMENT=1 ;

-- --------------------------------------------------------

--
-- Table structure for table `auth_permission`
--

CREATE TABLE IF NOT EXISTS `auth_permission` (
  `id` int(11) NOT NULL AUTO_INCREMENT,
  `name` varchar(255) NOT NULL,
  `content_type_id` int(11) NOT NULL,
  `codename` varchar(100) NOT NULL,
  PRIMARY KEY (`id`),
  UNIQUE KEY `auth_permission_content_type_id_codename_01ab375a_uniq` (`content_type_id`,`codename`)
) ENGINE=InnoDB  DEFAULT CHARSET=latin1 AUTO_INCREMENT=25 ;

--
-- Dumping data for table `auth_permission`
--

INSERT INTO `auth_permission` (`id`, `name`, `content_type_id`, `codename`) VALUES
(1, 'Can add log entry', 1, 'add_logentry'),
(2, 'Can change log entry', 1, 'change_logentry'),
(3, 'Can delete log entry', 1, 'delete_logentry'),
(4, 'Can add permission', 2, 'add_permission'),
(5, 'Can change permission', 2, 'change_permission'),
(6, 'Can delete permission', 2, 'delete_permission'),
(7, 'Can add group', 3, 'add_group'),
(8, 'Can change group', 3, 'change_group'),
(9, 'Can delete group', 3, 'delete_group'),
(10, 'Can add user', 4, 'add_user'),
(11, 'Can change user', 4, 'change_user'),
(12, 'Can delete user', 4, 'delete_user'),
(13, 'Can add content type', 5, 'add_contenttype'),
(14, 'Can change content type', 5, 'change_contenttype'),
(15, 'Can delete content type', 5, 'delete_contenttype'),
(16, 'Can add session', 6, 'add_session'),
(17, 'Can change session', 6, 'change_session'),
(18, 'Can delete session', 6, 'delete_session'),
(19, 'Can add recognition model', 7, 'add_recognitionmodel'),
(20, 'Can change recognition model', 7, 'change_recognitionmodel'),
(21, 'Can delete recognition model', 7, 'delete_recognitionmodel'),
(22, 'Can add register model', 8, 'add_registermodel'),
(23, 'Can change register model', 8, 'change_registermodel'),
(24, 'Can delete register model', 8, 'delete_registermodel');

-- --------------------------------------------------------

--
-- Table structure for table `auth_user`
--

CREATE TABLE IF NOT EXISTS `auth_user` (
  `id` int(11) NOT NULL AUTO_INCREMENT,
  `password` varchar(128) NOT NULL,
  `last_login` datetime(6) DEFAULT NULL,
  `is_superuser` tinyint(1) NOT NULL,
  `username` varchar(150) NOT NULL,
  `first_name` varchar(30) NOT NULL,
  `last_name` varchar(30) NOT NULL,
  `email` varchar(254) NOT NULL,
  `is_staff` tinyint(1) NOT NULL,
  `is_active` tinyint(1) NOT NULL,
  `date_joined` datetime(6) NOT NULL,
  PRIMARY KEY (`id`),
  UNIQUE KEY `username` (`username`)
) ENGINE=InnoDB DEFAULT CHARSET=latin1 AUTO_INCREMENT=1 ;

-- --------------------------------------------------------

--
-- Table structure for table `auth_user_groups`
--

CREATE TABLE IF NOT EXISTS `auth_user_groups` (
  `id` int(11) NOT NULL AUTO_INCREMENT,
  `user_id` int(11) NOT NULL,
  `group_id` int(11) NOT NULL,
  PRIMARY KEY (`id`),
  UNIQUE KEY `auth_user_groups_user_id_group_id_94350c0c_uniq` (`user_id`,`group_id`),
  KEY `auth_user_groups_group_id_97559544_fk_auth_group_id` (`group_id`)
) ENGINE=InnoDB DEFAULT CHARSET=latin1 AUTO_INCREMENT=1 ;

-- --------------------------------------------------------

--
-- Table structure for table `auth_user_user_permissions`
--

CREATE TABLE IF NOT EXISTS `auth_user_user_permissions` (
  `id` int(11) NOT NULL AUTO_INCREMENT,
  `user_id` int(11) NOT NULL,
  `permission_id` int(11) NOT NULL,
  PRIMARY KEY (`id`),
  UNIQUE KEY `auth_user_user_permissions_user_id_permission_id_14a6b632_uniq` (`user_id`,`permission_id`),
  KEY `auth_user_user_permi_permission_id_1fbb5f2c_fk_auth_perm` (`permission_id`)
) ENGINE=InnoDB DEFAULT CHARSET=latin1 AUTO_INCREMENT=1 ;

-- --------------------------------------------------------

--
-- Table structure for table `django_admin_log`
--

CREATE TABLE IF NOT EXISTS `django_admin_log` (
  `id` int(11) NOT NULL AUTO_INCREMENT,
  `action_time` datetime(6) NOT NULL,
  `object_id` longtext,
  `object_repr` varchar(200) NOT NULL,
  `action_flag` smallint(5) unsigned NOT NULL,
  `change_message` longtext NOT NULL,
  `content_type_id` int(11) DEFAULT NULL,
  `user_id` int(11) NOT NULL,
  PRIMARY KEY (`id`),
  KEY `django_admin_log_content_type_id_c4bce8eb_fk_django_co` (`content_type_id`),
  KEY `django_admin_log_user_id_c564eba6_fk_auth_user_id` (`user_id`)
) ENGINE=InnoDB DEFAULT CHARSET=latin1 AUTO_INCREMENT=1 ;

-- --------------------------------------------------------

--
-- Table structure for table `django_content_type`
--

CREATE TABLE IF NOT EXISTS `django_content_type` (
  `id` int(11) NOT NULL AUTO_INCREMENT,
  `app_label` varchar(100) NOT NULL,
  `model` varchar(100) NOT NULL,
  PRIMARY KEY (`id`),
  UNIQUE KEY `django_content_type_app_label_model_76bd3d3b_uniq` (`app_label`,`model`)
) ENGINE=InnoDB  DEFAULT CHARSET=latin1 AUTO_INCREMENT=9 ;

--
-- Dumping data for table `django_content_type`
--

INSERT INTO `django_content_type` (`id`, `app_label`, `model`) VALUES
(1, 'admin', 'logentry'),
(3, 'auth', 'group'),
(2, 'auth', 'permission'),
(4, 'auth', 'user'),
(5, 'contenttypes', 'contenttype'),
(6, 'sessions', 'session'),
(7, 'user', 'recognitionmodel'),
(8, 'user', 'registermodel');

-- --------------------------------------------------------

--
-- Table structure for table `django_migrations`
--

CREATE TABLE IF NOT EXISTS `django_migrations` (
  `id` int(11) NOT NULL AUTO_INCREMENT,
  `app` varchar(255) NOT NULL,
  `name` varchar(255) NOT NULL,
  `applied` datetime(6) NOT NULL,
  PRIMARY KEY (`id`)
) ENGINE=InnoDB  DEFAULT CHARSET=latin1 AUTO_INCREMENT=15 ;

--
-- Dumping data for table `django_migrations`
--

INSERT INTO `django_migrations` (`id`, `app`, `name`, `applied`) VALUES
(1, 'contenttypes', '0001_initial', '2022-05-06 08:37:16.652785'),
(2, 'auth', '0001_initial', '2022-05-06 08:38:19.479009'),
(3, 'admin', '0001_initial', '2022-05-06 08:38:31.197402'),
(4, 'admin', '0002_logentry_remove_auto_add', '2022-05-06 08:38:31.291152'),
(5, 'contenttypes', '0002_remove_content_type_name', '2022-05-06 08:38:34.822292'),
(6, 'auth', '0002_alter_permission_name_max_length', '2022-05-06 08:38:36.822232'),
(7, 'auth', '0003_alter_user_email_max_length', '2022-05-06 08:38:38.587802'),
(8, 'auth', '0004_alter_user_username_opts', '2022-05-06 08:38:38.665926'),
(9, 'auth', '0005_alter_user_last_login_null', '2022-05-06 08:38:40.056507'),
(10, 'auth', '0006_require_contenttypes_0002', '2022-05-06 08:38:40.150254'),
(11, 'auth', '0007_alter_validators_add_error_messages', '2022-05-06 08:38:40.228381'),
(12, 'auth', '0008_alter_user_username_max_length', '2022-05-06 08:38:42.087697'),
(13, 'sessions', '0001_initial', '2022-05-06 08:38:50.024957'),
(14, 'user', '0001_initial', '2022-05-06 08:38:53.165485');

-- --------------------------------------------------------

--
-- Table structure for table `django_session`
--

CREATE TABLE IF NOT EXISTS `django_session` (
  `session_key` varchar(40) NOT NULL,
  `session_data` longtext NOT NULL,
  `expire_date` datetime(6) NOT NULL,
  PRIMARY KEY (`session_key`),
  KEY `django_session_expire_date_a5c62663` (`expire_date`)
) ENGINE=InnoDB DEFAULT CHARSET=latin1;

--
-- Dumping data for table `django_session`
--

INSERT INTO `django_session` (`session_key`, `session_data`, `expire_date`) VALUES
('4tuigy8t9x6hg0zd8dzu5rtipks0ch0i', 'Y2VhYmZmNjg3YmQwZWI3MjdmMmY2OGVkZTk5ZDk2NGU2ZjdmZjVmMTp7InVzZXJkX2lkIjoxfQ==', '2022-05-20 14:01:18.179108');

-- --------------------------------------------------------

--
-- Table structure for table `user_recognitionmodel`
--

CREATE TABLE IF NOT EXISTS `user_recognitionmodel` (
  `id` int(11) NOT NULL AUTO_INCREMENT,
  `username` varchar(300) NOT NULL,
  `path` varchar(100) NOT NULL,
  `result` varchar(200) NOT NULL,
  PRIMARY KEY (`id`)
) ENGINE=InnoDB  DEFAULT CHARSET=latin1 AUTO_INCREMENT=862 ;

--
-- Dumping data for table `user_recognitionmodel`
--

INSERT INTO `user_recognitionmodel` (`id`, `username`, `path`, `result`) VALUES
(1, 'new', 'D:/python_project/Emotion_Recognition/Emotion_Recognition/test/testvdo.mp4', 'surprise'),
(2, 'new', 'D:/python_project/Emotion_Recognition/Emotion_Recognition/test/testvdo.mp4', 'surprise'),
(3, 'new', 'D:/python_project/Emotion_Recognition/Emotion_Recognition/test/testvdo.mp4', 'surprise'),
(4, 'new', 'D:/python_project/Emotion_Recognition/Emotion_Recognition/test/testvdo.mp4', 'surprise'),
(5, 'new', 'D:/python_project/Emotion_Recognition/Emotion_Recognition/test/testvdo.mp4', 'surprise'),
(6, 'new', 'D:/python_project/Emotion_Recognition/Emotion_Recognition/test/testvdo.mp4', 'surprise'),
(7, 'new', 'D:/python_project/Emotion_Recognition/Emotion_Recognition/test/testvdo.mp4', 'fear'),
(8, 'new', 'D:/python_project/Emotion_Recognition/Emotion_Recognition/test/testvdo.mp4', 'happy'),
(9, 'new', 'D:/python_project/Emotion_Recognition/Emotion_Recognition/test/testvdo.mp4', 'surprise'),
(10, 'new', 'D:/python_project/Emotion_Recognition/Emotion_Recognition/test/testvdo.mp4', 'happy'),
(11, 'new', 'D:/python_project/Emotion_Recognition/Emotion_Recognition/test/testvdo.mp4', 'surprise'),
(12, 'new', 'D:/python_project/Emotion_Recognition/Emotion_Recognition/test/testvdo.mp4', 'surprise'),
(13, 'new', 'D:/python_project/Emotion_Recognition/Emotion_Recognition/test/testvdo.mp4', 'happy'),
(14, 'new', 'D:/python_project/Emotion_Recognition/Emotion_Recognition/test/testvdo.mp4', 'neutral'),
(15, 'new', 'D:/python_project/Emotion_Recognition/Emotion_Recognition/test/testvdo.mp4', 'neutral'),
(16, 'new', 'D:/python_project/Emotion_Recognition/Emotion_Recognition/test/testvdo.mp4', 'angry'),
(17, 'new', 'D:/python_project/Emotion_Recognition/Emotion_Recognition/test/testvdo.mp4', 'neutral'),
(18, 'new', 'D:/python_project/Emotion_Recognition/Emotion_Recognition/test/testvdo.mp4', 'neutral'),
(19, 'new', 'D:/python_project/Emotion_Recognition/Emotion_Recognition/test/testvdo.mp4', 'angry'),
(20, 'new', 'D:/python_project/Emotion_Recognition/Emotion_Recognition/test/testvdo.mp4', 'angry'),
(21, 'new', 'D:/python_project/Emotion_Recognition/Emotion_Recognition/test/testvdo.mp4', 'fear'),
(22, 'new', 'D:/python_project/Emotion_Recognition/Emotion_Recognition/test/testvdo.mp4', 'happy'),
(23, 'new', 'D:/python_project/Emotion_Recognition/Emotion_Recognition/test/testvdo.mp4', 'sad'),
(24, 'new', 'D:/python_project/Emotion_Recognition/Emotion_Recognition/test/testvdo.mp4', 'fear'),
(25, 'new', 'D:/python_project/Emotion_Recognition/Emotion_Recognition/test/testvdo.mp4', 'sad'),
(26, 'new', 'D:/python_project/Emotion_Recognition/Emotion_Recognition/test/testvdo.mp4', 'angry'),
(27, 'new', 'D:/python_project/Emotion_Recognition/Emotion_Recognition/test/testvdo.mp4', 'angry'),
(28, 'new', 'D:/python_project/Emotion_Recognition/Emotion_Recognition/test/testvdo.mp4', 'angry'),
(29, 'new', 'D:/python_project/Emotion_Recognition/Emotion_Recognition/test/testvdo.mp4', 'angry'),
(30, 'new', 'D:/python_project/Emotion_Recognition/Emotion_Recognition/test/testvdo.mp4', 'surprise'),
(31, 'new', 'D:/python_project/Emotion_Recognition/Emotion_Recognition/test/testvdo.mp4', 'angry'),
(32, 'new', 'D:/python_project/Emotion_Recognition/Emotion_Recognition/test/testvdo.mp4', 'angry'),
(33, 'new', 'D:/python_project/Emotion_Recognition/Emotion_Recognition/test/testvdo.mp4', 'angry'),
(34, 'new', 'D:/python_project/Emotion_Recognition/Emotion_Recognition/test/testvdo.mp4', 'angry'),
(35, 'new', 'D:/python_project/Emotion_Recognition/Emotion_Recognition/test/testvdo.mp4', 'sad'),
(36, 'new', 'D:/python_project/Emotion_Recognition/Emotion_Recognition/test/testvdo.mp4', 'surprise'),
(37, 'new', 'D:/python_project/Emotion_Recognition/Emotion_Recognition/test/testvdo.mp4', 'angry'),
(38, 'new', 'D:/python_project/Emotion_Recognition/Emotion_Recognition/test/testvdo.mp4', 'angry'),
(39, 'new', 'D:/python_project/Emotion_Recognition/Emotion_Recognition/test/testvdo.mp4', 'happy'),
(40, 'new', 'D:/python_project/Emotion_Recognition/Emotion_Recognition/test/testvdo.mp4', 'happy'),
(41, 'new', 'D:/python_project/Emotion_Recognition/Emotion_Recognition/test/testvdo.mp4', 'happy'),
(42, 'new', 'D:/python_project/Emotion_Recognition/Emotion_Recognition/test/testvdo.mp4', 'happy'),
(43, 'new', 'D:/python_project/Emotion_Recognition/Emotion_Recognition/test/testvdo.mp4', 'happy'),
(44, 'new', 'D:/python_project/Emotion_Recognition/Emotion_Recognition/test/testvdo.mp4', 'happy'),
(45, 'new', 'D:/python_project/Emotion_Recognition/Emotion_Recognition/test/testvdo.mp4', 'sad'),
(46, 'new', 'D:/python_project/Emotion_Recognition/Emotion_Recognition/test/testvdo.mp4', 'happy'),
(47, 'new', 'D:/python_project/Emotion_Recognition/Emotion_Recognition/test/testvdo.mp4', 'happy'),
(48, 'new', 'D:/python_project/Emotion_Recognition/Emotion_Recognition/test/testvdo.mp4', 'angry'),
(49, 'new', 'D:/python_project/Emotion_Recognition/Emotion_Recognition/test/testvdo.mp4', 'angry'),
(50, 'new', 'D:/python_project/Emotion_Recognition/Emotion_Recognition/test/testvdo.mp4', 'sad'),
(51, 'new', 'D:/python_project/Emotion_Recognition/Emotion_Recognition/test/testvdo.mp4', 'angry'),
(52, 'new', 'D:/python_project/Emotion_Recognition/Emotion_Recognition/test/testvdo.mp4', 'sad'),
(53, 'new', 'D:/python_project/Emotion_Recognition/Emotion_Recognition/test/testvdo.mp4', 'angry'),
(54, 'new', 'D:/python_project/Emotion_Recognition/Emotion_Recognition/test/testvdo.mp4', 'sad'),
(55, 'new', 'D:/python_project/Emotion_Recognition/Emotion_Recognition/test/testvdo.mp4', 'angry'),
(56, 'new', 'D:/python_project/Emotion_Recognition/Emotion_Recognition/test/testvdo.mp4', 'sad'),
(57, 'new', 'D:/python_project/Emotion_Recognition/Emotion_Recognition/test/testvdo.mp4', 'sad'),
(58, 'new', 'D:/python_project/Emotion_Recognition/Emotion_Recognition/test/testvdo.mp4', 'sad'),
(59, 'new', 'D:/python_project/Emotion_Recognition/Emotion_Recognition/test/testvdo.mp4', 'sad'),
(60, 'new', 'D:/python_project/Emotion_Recognition/Emotion_Recognition/test/testvdo.mp4', 'happy'),
(61, 'new', 'D:/python_project/Emotion_Recognition/Emotion_Recognition/test/testvdo.mp4', 'sad'),
(62, 'new', 'D:/python_project/Emotion_Recognition/Emotion_Recognition/test/testvdo.mp4', 'happy'),
(63, 'new', 'D:/python_project/Emotion_Recognition/Emotion_Recognition/test/testvdo.mp4', 'sad'),
(64, 'new', 'D:/python_project/Emotion_Recognition/Emotion_Recognition/test/testvdo.mp4', 'happy'),
(65, 'new', 'D:/python_project/Emotion_Recognition/Emotion_Recognition/test/testvdo.mp4', 'happy'),
(66, 'new', 'D:/python_project/Emotion_Recognition/Emotion_Recognition/test/testvdo.mp4', 'sad'),
(67, 'new', 'D:/python_project/Emotion_Recognition/Emotion_Recognition/test/testvdo.mp4', 'happy'),
(68, 'new', 'D:/python_project/Emotion_Recognition/Emotion_Recognition/test/testvdo.mp4', 'sad'),
(69, 'new', 'D:/python_project/Emotion_Recognition/Emotion_Recognition/test/testvdo.mp4', 'happy'),
(70, 'new', 'D:/python_project/Emotion_Recognition/Emotion_Recognition/test/testvdo.mp4', 'surprise'),
(71, 'new', 'D:/python_project/Emotion_Recognition/Emotion_Recognition/test/testvdo.mp4', 'happy'),
(72, 'new', 'D:/python_project/Emotion_Recognition/Emotion_Recognition/test/testvdo.mp4', 'surprise'),
(73, 'new', 'D:/python_project/Emotion_Recognition/Emotion_Recognition/test/testvdo.mp4', 'happy'),
(74, 'new', 'D:/python_project/Emotion_Recognition/Emotion_Recognition/test/testvdo.mp4', 'happy'),
(75, 'new', 'D:/python_project/Emotion_Recognition/Emotion_Recognition/test/testvdo.mp4', 'happy'),
(76, 'new', 'D:/python_project/Emotion_Recognition/Emotion_Recognition/test/testvdo.mp4', 'happy'),
(77, 'new', 'D:/python_project/Emotion_Recognition/Emotion_Recognition/test/testvdo.mp4', 'happy'),
(78, 'new', 'D:/python_project/Emotion_Recognition/Emotion_Recognition/test/testvdo.mp4', 'happy'),
(79, 'new', 'D:/python_project/Emotion_Recognition/Emotion_Recognition/test/testvdo.mp4', 'happy'),
(80, 'new', 'D:/python_project/Emotion_Recognition/Emotion_Recognition/test/testvdo.mp4', 'happy'),
(81, 'new', 'D:/python_project/Emotion_Recognition/Emotion_Recognition/test/testvdo.mp4', 'happy'),
(82, 'new', 'D:/python_project/Emotion_Recognition/Emotion_Recognition/test/testvdo.mp4', 'happy'),
(83, 'new', 'D:/python_project/Emotion_Recognition/Emotion_Recognition/test/testvdo.mp4', 'happy'),
(84, 'new', 'D:/python_project/Emotion_Recognition/Emotion_Recognition/test/testvdo.mp4', 'happy'),
(85, 'new', 'D:/python_project/Emotion_Recognition/Emotion_Recognition/test/testvdo.mp4', 'surprise'),
(86, 'new', 'D:/python_project/Emotion_Recognition/Emotion_Recognition/test/testvdo.mp4', 'happy'),
(87, 'new', 'D:/python_project/Emotion_Recognition/Emotion_Recognition/test/testvdo.mp4', 'sad'),
(88, 'new', 'D:/python_project/Emotion_Recognition/Emotion_Recognition/test/testvdo.mp4', 'happy'),
(89, 'new', 'D:/python_project/Emotion_Recognition/Emotion_Recognition/test/testvdo.mp4', 'sad'),
(90, 'new', 'D:/python_project/Emotion_Recognition/Emotion_Recognition/test/testvdo.mp4', 'surprise'),
(91, 'new', 'D:/python_project/Emotion_Recognition/Emotion_Recognition/test/testvdo.mp4', 'happy'),
(92, 'new', 'D:/python_project/Emotion_Recognition/Emotion_Recognition/test/testvdo.mp4', 'sad'),
(93, 'new', 'D:/python_project/Emotion_Recognition/Emotion_Recognition/test/testvdo.mp4', 'surprise'),
(94, 'new', 'D:/python_project/Emotion_Recognition/Emotion_Recognition/test/testvdo.mp4', 'happy'),
(95, 'new', 'D:/python_project/Emotion_Recognition/Emotion_Recognition/test/testvdo.mp4', 'sad'),
(96, 'new', 'D:/python_project/Emotion_Recognition/Emotion_Recognition/test/testvdo.mp4', 'surprise'),
(97, 'new', 'D:/python_project/Emotion_Recognition/Emotion_Recognition/test/testvdo.mp4', 'happy'),
(98, 'new', 'D:/python_project/Emotion_Recognition/Emotion_Recognition/test/testvdo.mp4', 'sad'),
(99, 'new', 'D:/python_project/Emotion_Recognition/Emotion_Recognition/test/testvdo.mp4', 'surprise'),
(100, 'new', 'D:/python_project/Emotion_Recognition/Emotion_Recognition/test/testvdo.mp4', 'happy'),
(101, 'new', 'D:/python_project/Emotion_Recognition/Emotion_Recognition/test/testvdo.mp4', 'sad'),
(102, 'new', 'D:/python_project/Emotion_Recognition/Emotion_Recognition/test/testvdo.mp4', 'sad'),
(103, 'new', 'D:/python_project/Emotion_Recognition/Emotion_Recognition/test/testvdo.mp4', 'happy'),
(104, 'new', 'D:/python_project/Emotion_Recognition/Emotion_Recognition/test/testvdo.mp4', 'happy'),
(105, 'new', 'D:/python_project/Emotion_Recognition/Emotion_Recognition/test/testvdo.mp4', 'happy'),
(106, 'new', 'D:/python_project/Emotion_Recognition/Emotion_Recognition/test/testvdo.mp4', 'happy'),
(107, 'new', 'D:/python_project/Emotion_Recognition/Emotion_Recognition/test/testvdo.mp4', 'happy'),
(108, 'new', 'D:/python_project/Emotion_Recognition/Emotion_Recognition/test/testvdo.mp4', 'happy'),
(109, 'new', 'D:/python_project/Emotion_Recognition/Emotion_Recognition/test/testvdo.mp4', 'angry'),
(110, 'new', 'D:/python_project/Emotion_Recognition/Emotion_Recognition/test/testvdo.mp4', 'happy'),
(111, 'new', 'D:/python_project/Emotion_Recognition/Emotion_Recognition/test/testvdo.mp4', 'happy'),
(112, 'new', 'D:/python_project/Emotion_Recognition/Emotion_Recognition/test/testvdo.mp4', 'sad'),
(113, 'new', 'D:/python_project/Emotion_Recognition/Emotion_Recognition/test/testvdo.mp4', 'happy'),
(114, 'new', 'D:/python_project/Emotion_Recognition/Emotion_Recognition/test/testvdo.mp4', 'sad'),
(115, 'new', 'D:/python_project/Emotion_Recognition/Emotion_Recognition/test/testvdo.mp4', 'happy'),
(116, 'new', 'D:/python_project/Emotion_Recognition/Emotion_Recognition/test/testvdo.mp4', 'happy'),
(117, 'new', 'D:/python_project/Emotion_Recognition/Emotion_Recognition/test/testvdo.mp4', 'sad'),
(118, 'new', 'D:/python_project/Emotion_Recognition/Emotion_Recognition/test/testvdo.mp4', 'happy'),
(119, 'new', 'D:/python_project/Emotion_Recognition/Emotion_Recognition/test/testvdo.mp4', 'sad'),
(120, 'new', 'D:/python_project/Emotion_Recognition/Emotion_Recognition/test/testvdo.mp4', 'sad'),
(121, 'new', 'D:/python_project/Emotion_Recognition/Emotion_Recognition/test/testvdo.mp4', 'happy'),
(122, 'new', 'D:/python_project/Emotion_Recognition/Emotion_Recognition/test/testvdo.mp4', 'happy'),
(123, 'new', 'D:/python_project/Emotion_Recognition/Emotion_Recognition/test/testvdo.mp4', 'sad'),
(124, 'new', 'D:/python_project/Emotion_Recognition/Emotion_Recognition/test/testvdo.mp4', 'happy'),
(125, 'new', 'D:/python_project/Emotion_Recognition/Emotion_Recognition/test/testvdo.mp4', 'sad'),
(126, 'new', 'D:/python_project/Emotion_Recognition/Emotion_Recognition/test/testvdo.mp4', 'sad'),
(127, 'new', 'D:/python_project/Emotion_Recognition/Emotion_Recognition/test/testvdo.mp4', 'happy'),
(128, 'new', 'D:/python_project/Emotion_Recognition/Emotion_Recognition/test/testvdo.mp4', 'happy'),
(129, 'new', 'D:/python_project/Emotion_Recognition/Emotion_Recognition/test/testvdo.mp4', 'sad'),
(130, 'new', 'D:/python_project/Emotion_Recognition/Emotion_Recognition/test/testvdo.mp4', 'sad'),
(131, 'new', 'D:/python_project/Emotion_Recognition/Emotion_Recognition/test/testvdo.mp4', 'happy'),
(132, 'new', 'D:/python_project/Emotion_Recognition/Emotion_Recognition/test/testvdo.mp4', 'sad'),
(133, 'new', 'D:/python_project/Emotion_Recognition/Emotion_Recognition/test/testvdo.mp4', 'happy'),
(134, 'new', 'D:/python_project/Emotion_Recognition/Emotion_Recognition/test/testvdo.mp4', 'sad'),
(135, 'new', 'D:/python_project/Emotion_Recognition/Emotion_Recognition/test/testvdo.mp4', 'happy'),
(136, 'new', 'D:/python_project/Emotion_Recognition/Emotion_Recognition/test/testvdo.mp4', 'sad'),
(137, 'new', 'D:/python_project/Emotion_Recognition/Emotion_Recognition/test/testvdo.mp4', 'happy'),
(138, 'new', 'D:/python_project/Emotion_Recognition/Emotion_Recognition/test/testvdo.mp4', 'happy'),
(139, 'new', 'D:/python_project/Emotion_Recognition/Emotion_Recognition/test/testvdo.mp4', 'sad'),
(140, 'new', 'D:/python_project/Emotion_Recognition/Emotion_Recognition/test/testvdo.mp4', 'happy'),
(141, 'new', 'D:/python_project/Emotion_Recognition/Emotion_Recognition/test/testvdo.mp4', 'sad'),
(142, 'new', 'D:/python_project/Emotion_Recognition/Emotion_Recognition/test/testvdo.mp4', 'sad'),
(143, 'new', 'D:/python_project/Emotion_Recognition/Emotion_Recognition/test/testvdo.mp4', 'happy'),
(144, 'new', 'D:/python_project/Emotion_Recognition/Emotion_Recognition/test/testvdo.mp4', 'happy'),
(145, 'new', 'D:/python_project/Emotion_Recognition/Emotion_Recognition/test/testvdo.mp4', 'sad'),
(146, 'new', 'D:/python_project/Emotion_Recognition/Emotion_Recognition/test/testvdo.mp4', 'happy'),
(147, 'new', 'D:/python_project/Emotion_Recognition/Emotion_Recognition/test/testvdo.mp4', 'sad'),
(148, 'new', 'D:/python_project/Emotion_Recognition/Emotion_Recognition/test/testvdo.mp4', 'happy'),
(149, 'new', 'D:/python_project/Emotion_Recognition/Emotion_Recognition/test/testvdo.mp4', 'sad'),
(150, 'new', 'D:/python_project/Emotion_Recognition/Emotion_Recognition/test/testvdo.mp4', 'happy'),
(151, 'new', 'D:/python_project/Emotion_Recognition/Emotion_Recognition/test/testvdo.mp4', 'sad'),
(152, 'new', 'D:/python_project/Emotion_Recognition/Emotion_Recognition/test/testvdo.mp4', 'sad'),
(153, 'new', 'D:/python_project/Emotion_Recognition/Emotion_Recognition/test/testvdo.mp4', 'happy'),
(154, 'new', 'D:/python_project/Emotion_Recognition/Emotion_Recognition/test/testvdo.mp4', 'happy'),
(155, 'new', 'D:/python_project/Emotion_Recognition/Emotion_Recognition/test/testvdo.mp4', 'happy'),
(156, 'new', 'D:/python_project/Emotion_Recognition/Emotion_Recognition/test/testvdo.mp4', 'happy'),
(157, 'new', 'D:/python_project/Emotion_Recognition/Emotion_Recognition/test/testvdo.mp4', 'happy'),
(158, 'new', 'D:/python_project/Emotion_Recognition/Emotion_Recognition/test/testvdo.mp4', 'sad'),
(159, 'new', 'D:/python_project/Emotion_Recognition/Emotion_Recognition/test/testvdo.mp4', 'happy'),
(160, 'new', 'D:/python_project/Emotion_Recognition/Emotion_Recognition/test/testvdo.mp4', 'sad'),
(161, 'new', 'D:/python_project/Emotion_Recognition/Emotion_Recognition/test/testvdo.mp4', 'happy'),
(162, 'new', 'D:/python_project/Emotion_Recognition/Emotion_Recognition/test/testvdo.mp4', 'sad'),
(163, 'new', 'D:/python_project/Emotion_Recognition/Emotion_Recognition/test/testvdo.mp4', 'happy'),
(164, 'new', 'D:/python_project/Emotion_Recognition/Emotion_Recognition/test/testvdo.mp4', 'sad'),
(165, 'new', 'D:/python_project/Emotion_Recognition/Emotion_Recognition/test/testvdo.mp4', 'happy'),
(166, 'new', 'D:/python_project/Emotion_Recognition/Emotion_Recognition/test/testvdo.mp4', 'sad'),
(167, 'new', 'D:/python_project/Emotion_Recognition/Emotion_Recognition/test/testvdo.mp4', 'happy'),
(168, 'new', 'D:/python_project/Emotion_Recognition/Emotion_Recognition/test/testvdo.mp4', 'happy'),
(169, 'new', 'D:/python_project/Emotion_Recognition/Emotion_Recognition/test/testvdo.mp4', 'sad'),
(170, 'new', 'D:/python_project/Emotion_Recognition/Emotion_Recognition/test/testvdo.mp4', 'sad'),
(171, 'new', 'D:/python_project/Emotion_Recognition/Emotion_Recognition/test/testvdo.mp4', 'happy'),
(172, 'new', 'D:/python_project/Emotion_Recognition/Emotion_Recognition/test/testvdo.mp4', 'sad'),
(173, 'new', 'D:/python_project/Emotion_Recognition/Emotion_Recognition/test/testvdo.mp4', 'happy'),
(174, 'new', 'D:/python_project/Emotion_Recognition/Emotion_Recognition/test/testvdo.mp4', 'sad'),
(175, 'new', 'D:/python_project/Emotion_Recognition/Emotion_Recognition/test/testvdo.mp4', 'happy'),
(176, 'new', 'D:/python_project/Emotion_Recognition/Emotion_Recognition/test/testvdo.mp4', 'sad'),
(177, 'new', 'D:/python_project/Emotion_Recognition/Emotion_Recognition/test/testvdo.mp4', 'happy'),
(178, 'new', 'D:/python_project/Emotion_Recognition/Emotion_Recognition/test/testvdo.mp4', 'sad'),
(179, 'new', 'D:/python_project/Emotion_Recognition/Emotion_Recognition/test/testvdo.mp4', 'happy'),
(180, 'new', 'D:/python_project/Emotion_Recognition/Emotion_Recognition/test/testvdo.mp4', 'sad'),
(181, 'new', 'D:/python_project/Emotion_Recognition/Emotion_Recognition/test/testvdo.mp4', 'happy'),
(182, 'new', 'D:/python_project/Emotion_Recognition/Emotion_Recognition/test/testvdo.mp4', 'sad'),
(183, 'new', 'D:/python_project/Emotion_Recognition/Emotion_Recognition/test/testvdo.mp4', 'happy'),
(184, 'new', 'D:/python_project/Emotion_Recognition/Emotion_Recognition/test/testvdo.mp4', 'sad'),
(185, 'new', 'D:/python_project/Emotion_Recognition/Emotion_Recognition/test/testvdo.mp4', 'happy'),
(186, 'new', 'D:/python_project/Emotion_Recognition/Emotion_Recognition/test/testvdo.mp4', 'happy'),
(187, 'new', 'D:/python_project/Emotion_Recognition/Emotion_Recognition/test/testvdo.mp4', 'sad'),
(188, 'new', 'D:/python_project/Emotion_Recognition/Emotion_Recognition/test/testvdo.mp4', 'happy'),
(189, 'new', 'D:/python_project/Emotion_Recognition/Emotion_Recognition/test/testvdo.mp4', 'sad'),
(190, 'new', 'D:/python_project/Emotion_Recognition/Emotion_Recognition/test/testvdo.mp4', 'happy'),
(191, 'new', 'D:/python_project/Emotion_Recognition/Emotion_Recognition/test/testvdo.mp4', 'sad'),
(192, 'new', 'D:/python_project/Emotion_Recognition/Emotion_Recognition/test/testvdo.mp4', 'sad'),
(193, 'new', 'D:/python_project/Emotion_Recognition/Emotion_Recognition/test/testvdo.mp4', 'happy'),
(194, 'new', 'D:/python_project/Emotion_Recognition/Emotion_Recognition/test/testvdo.mp4', 'happy'),
(195, 'new', 'D:/python_project/Emotion_Recognition/Emotion_Recognition/test/testvdo.mp4', 'sad'),
(196, 'new', 'D:/python_project/Emotion_Recognition/Emotion_Recognition/test/testvdo.mp4', 'happy'),
(197, 'new', 'D:/python_project/Emotion_Recognition/Emotion_Recognition/test/testvdo.mp4', 'sad'),
(198, 'new', 'D:/python_project/Emotion_Recognition/Emotion_Recognition/test/testvdo.mp4', 'sad'),
(199, 'new', 'D:/python_project/Emotion_Recognition/Emotion_Recognition/test/testvdo.mp4', 'happy'),
(200, 'new', 'D:/python_project/Emotion_Recognition/Emotion_Recognition/test/testvdo.mp4', 'sad'),
(201, 'new', 'D:/python_project/Emotion_Recognition/Emotion_Recognition/test/testvdo.mp4', 'happy'),
(202, 'new', 'D:/python_project/Emotion_Recognition/Emotion_Recognition/test/testvdo.mp4', 'sad'),
(203, 'new', 'D:/python_project/Emotion_Recognition/Emotion_Recognition/test/testvdo.mp4', 'happy'),
(204, 'new', 'D:/python_project/Emotion_Recognition/Emotion_Recognition/test/testvdo.mp4', 'sad'),
(205, 'new', 'D:/python_project/Emotion_Recognition/Emotion_Recognition/test/testvdo.mp4', 'happy'),
(206, 'new', 'D:/python_project/Emotion_Recognition/Emotion_Recognition/test/testvdo.mp4', 'sad'),
(207, 'new', 'D:/python_project/Emotion_Recognition/Emotion_Recognition/test/testvdo.mp4', 'happy'),
(208, 'new', 'D:/python_project/Emotion_Recognition/Emotion_Recognition/test/testvdo.mp4', 'sad'),
(209, 'new', 'D:/python_project/Emotion_Recognition/Emotion_Recognition/test/testvdo.mp4', 'happy'),
(210, 'new', 'D:/python_project/Emotion_Recognition/Emotion_Recognition/test/testvdo.mp4', 'sad'),
(211, 'new', 'D:/python_project/Emotion_Recognition/Emotion_Recognition/test/testvdo.mp4', 'happy'),
(212, 'new', 'D:/python_project/Emotion_Recognition/Emotion_Recognition/test/testvdo.mp4', 'sad'),
(213, 'new', 'D:/python_project/Emotion_Recognition/Emotion_Recognition/test/testvdo.mp4', 'happy'),
(214, 'new', 'D:/python_project/Emotion_Recognition/Emotion_Recognition/test/testvdo.mp4', 'sad'),
(215, 'new', 'D:/python_project/Emotion_Recognition/Emotion_Recognition/test/testvdo.mp4', 'happy'),
(216, 'new', 'D:/python_project/Emotion_Recognition/Emotion_Recognition/test/testvdo.mp4', 'sad'),
(217, 'new', 'D:/python_project/Emotion_Recognition/Emotion_Recognition/test/testvdo.mp4', 'happy'),
(218, 'new', 'D:/python_project/Emotion_Recognition/Emotion_Recognition/test/testvdo.mp4', 'sad'),
(219, 'new', 'D:/python_project/Emotion_Recognition/Emotion_Recognition/test/testvdo.mp4', 'happy'),
(220, 'new', 'D:/python_project/Emotion_Recognition/Emotion_Recognition/test/testvdo.mp4', 'sad'),
(221, 'new', 'D:/python_project/Emotion_Recognition/Emotion_Recognition/test/testvdo.mp4', 'happy'),
(222, 'new', 'D:/python_project/Emotion_Recognition/Emotion_Recognition/test/testvdo.mp4', 'sad'),
(223, 'new', 'D:/python_project/Emotion_Recognition/Emotion_Recognition/test/testvdo.mp4', 'happy'),
(224, 'new', 'D:/python_project/Emotion_Recognition/Emotion_Recognition/test/testvdo.mp4', 'happy'),
(225, 'new', 'D:/python_project/Emotion_Recognition/Emotion_Recognition/test/testvdo.mp4', 'sad'),
(226, 'new', 'D:/python_project/Emotion_Recognition/Emotion_Recognition/test/testvdo.mp4', 'happy'),
(227, 'new', 'D:/python_project/Emotion_Recognition/Emotion_Recognition/test/testvdo.mp4', 'sad'),
(228, 'new', 'D:/python_project/Emotion_Recognition/Emotion_Recognition/test/testvdo.mp4', 'happy'),
(229, 'new', 'D:/python_project/Emotion_Recognition/Emotion_Recognition/test/testvdo.mp4', 'happy'),
(230, 'new', 'D:/python_project/Emotion_Recognition/Emotion_Recognition/test/testvdo.mp4', 'happy'),
(231, 'new', 'D:/python_project/Emotion_Recognition/Emotion_Recognition/test/testvdo.mp4', 'happy'),
(232, 'new', 'D:/python_project/Emotion_Recognition/Emotion_Recognition/test/testvdo.mp4', 'happy'),
(233, 'new', 'D:/python_project/Emotion_Recognition/Emotion_Recognition/test/testvdo.mp4', 'happy'),
(234, 'new', 'D:/python_project/Emotion_Recognition/Emotion_Recognition/test/testvdo.mp4', 'happy'),
(235, 'new', 'D:/python_project/Emotion_Recognition/Emotion_Recognition/test/testvdo.mp4', 'happy'),
(236, 'new', 'D:/python_project/Emotion_Recognition/Emotion_Recognition/test/testvdo.mp4', 'happy'),
(237, 'new', 'D:/python_project/Emotion_Recognition/Emotion_Recognition/test/testvdo.mp4', 'happy'),
(238, 'new', 'D:/python_project/Emotion_Recognition/Emotion_Recognition/test/testvdo.mp4', 'happy'),
(239, 'new', 'D:/python_project/Emotion_Recognition/Emotion_Recognition/test/testvdo.mp4', 'happy'),
(240, 'new', 'D:/python_project/Emotion_Recognition/Emotion_Recognition/test/testvdo.mp4', 'happy'),
(241, 'new', 'D:/python_project/Emotion_Recognition/Emotion_Recognition/test/testvdo.mp4', 'happy'),
(242, 'new', 'D:/python_project/Emotion_Recognition/Emotion_Recognition/test/testvdo.mp4', 'happy'),
(243, 'new', 'D:/python_project/Emotion_Recognition/Emotion_Recognition/test/testvdo.mp4', 'happy'),
(244, 'new', 'D:/python_project/Emotion_Recognition/Emotion_Recognition/test/testvdo.mp4', 'happy'),
(245, 'new', 'D:/python_project/Emotion_Recognition/Emotion_Recognition/test/testvdo.mp4', 'happy'),
(246, 'new', 'D:/python_project/Emotion_Recognition/Emotion_Recognition/test/testvdo.mp4', 'happy'),
(247, 'new', 'D:/python_project/Emotion_Recognition/Emotion_Recognition/test/testvdo.mp4', 'happy'),
(248, 'new', 'D:/python_project/Emotion_Recognition/Emotion_Recognition/test/testvdo.mp4', 'happy'),
(249, 'new', 'D:/python_project/Emotion_Recognition/Emotion_Recognition/test/testvdo.mp4', 'happy'),
(250, 'new', 'D:/python_project/Emotion_Recognition/Emotion_Recognition/test/testvdo.mp4', 'happy'),
(251, 'new', 'D:/python_project/Emotion_Recognition/Emotion_Recognition/test/testvdo.mp4', 'happy'),
(252, 'new', 'D:/python_project/Emotion_Recognition/Emotion_Recognition/test/testvdo.mp4', 'happy'),
(253, 'new', 'D:/python_project/Emotion_Recognition/Emotion_Recognition/test/testvdo.mp4', 'happy'),
(254, 'new', 'D:/python_project/Emotion_Recognition/Emotion_Recognition/test/testvdo.mp4', 'happy'),
(255, 'new', 'D:/python_project/Emotion_Recognition/Emotion_Recognition/test/testvdo.mp4', 'happy'),
(256, 'new', 'D:/python_project/Emotion_Recognition/Emotion_Recognition/test/testvdo.mp4', 'happy'),
(257, 'new', 'D:/python_project/Emotion_Recognition/Emotion_Recognition/test/testvdo.mp4', 'happy'),
(258, 'new', 'D:/python_project/Emotion_Recognition/Emotion_Recognition/test/testvdo.mp4', 'happy'),
(259, 'new', 'D:/python_project/Emotion_Recognition/Emotion_Recognition/test/testvdo.mp4', 'happy'),
(260, 'new', 'D:/python_project/Emotion_Recognition/Emotion_Recognition/test/testvdo.mp4', 'happy'),
(261, 'new', 'D:/python_project/Emotion_Recognition/Emotion_Recognition/test/testvdo.mp4', 'happy'),
(262, 'new', 'D:/python_project/Emotion_Recognition/Emotion_Recognition/test/testvdo.mp4', 'happy'),
(263, 'new', 'D:/python_project/Emotion_Recognition/Emotion_Recognition/test/testvdo.mp4', 'happy'),
(264, 'new', 'D:/python_project/Emotion_Recognition/Emotion_Recognition/test/testvdo.mp4', 'happy'),
(265, 'new', 'D:/python_project/Emotion_Recognition/Emotion_Recognition/test/testvdo.mp4', 'happy'),
(266, 'new', 'D:/python_project/Emotion_Recognition/Emotion_Recognition/test/testvdo.mp4', 'happy'),
(267, 'new', 'D:/python_project/Emotion_Recognition/Emotion_Recognition/test/testvdo.mp4', 'happy'),
(268, 'new', 'D:/python_project/Emotion_Recognition/Emotion_Recognition/test/testvdo.mp4', 'happy'),
(269, 'new', 'D:/python_project/Emotion_Recognition/Emotion_Recognition/test/testvdo.mp4', 'happy'),
(270, 'new', 'D:/python_project/Emotion_Recognition/Emotion_Recognition/test/testvdo.mp4', 'happy'),
(271, 'new', 'D:/python_project/Emotion_Recognition/Emotion_Recognition/test/testvdo.mp4', 'happy'),
(272, 'new', 'D:/python_project/Emotion_Recognition/Emotion_Recognition/test/testvdo.mp4', 'happy'),
(273, 'new', 'D:/python_project/Emotion_Recognition/Emotion_Recognition/test/testvdo.mp4', 'happy'),
(274, 'new', 'D:/python_project/Emotion_Recognition/Emotion_Recognition/test/testvdo.mp4', 'happy'),
(275, 'new', 'D:/python_project/Emotion_Recognition/Emotion_Recognition/test/testvdo.mp4', 'happy'),
(276, 'new', 'D:/python_project/Emotion_Recognition/Emotion_Recognition/test/testvdo.mp4', 'happy'),
(277, 'new', 'D:/python_project/Emotion_Recognition/Emotion_Recognition/test/testvdo.mp4', 'happy'),
(278, 'new', 'D:/python_project/Emotion_Recognition/Emotion_Recognition/test/testvdo.mp4', 'happy'),
(279, 'new', 'D:/python_project/Emotion_Recognition/Emotion_Recognition/test/testvdo.mp4', 'happy'),
(280, 'new', 'D:/python_project/Emotion_Recognition/Emotion_Recognition/test/testvdo.mp4', 'happy'),
(281, 'new', 'D:/python_project/Emotion_Recognition/Emotion_Recognition/test/testvdo.mp4', 'happy'),
(282, 'new', 'D:/python_project/Emotion_Recognition/Emotion_Recognition/test/testvdo.mp4', 'happy'),
(283, 'new', 'D:/python_project/Emotion_Recognition/Emotion_Recognition/test/testvdo.mp4', 'happy'),
(284, 'new', 'D:/python_project/Emotion_Recognition/Emotion_Recognition/test/testvdo.mp4', 'happy'),
(285, 'new', 'D:/python_project/Emotion_Recognition/Emotion_Recognition/test/testvdo.mp4', 'happy'),
(286, 'new', 'D:/python_project/Emotion_Recognition/Emotion_Recognition/test/testvdo.mp4', 'happy'),
(287, 'new', 'D:/python_project/Emotion_Recognition/Emotion_Recognition/test/testvdo.mp4', 'happy'),
(288, 'new', 'D:/python_project/Emotion_Recognition/Emotion_Recognition/test/testvdo.mp4', 'happy'),
(289, 'new', 'D:/python_project/Emotion_Recognition/Emotion_Recognition/test/testvdo.mp4', 'happy'),
(290, 'new', 'D:/python_project/Emotion_Recognition/Emotion_Recognition/test/testvdo.mp4', 'happy'),
(291, 'new', 'D:/python_project/Emotion_Recognition/Emotion_Recognition/test/testvdo.mp4', 'happy'),
(292, 'new', 'D:/python_project/Emotion_Recognition/Emotion_Recognition/test/testvdo.mp4', 'happy'),
(293, 'new', 'D:/python_project/Emotion_Recognition/Emotion_Recognition/test/testvdo.mp4', 'happy'),
(294, 'new', 'D:/python_project/Emotion_Recognition/Emotion_Recognition/test/testvdo.mp4', 'happy'),
(295, 'new', 'D:/python_project/Emotion_Recognition/Emotion_Recognition/test/testvdo.mp4', 'happy'),
(296, 'new', 'D:/python_project/Emotion_Recognition/Emotion_Recognition/test/testvdo.mp4', 'happy'),
(297, 'new', 'D:/python_project/Emotion_Recognition/Emotion_Recognition/test/testvdo.mp4', 'happy'),
(298, 'new', 'D:/python_project/Emotion_Recognition/Emotion_Recognition/test/testvdo.mp4', 'happy'),
(299, 'new', 'D:/python_project/Emotion_Recognition/Emotion_Recognition/test/testvdo.mp4', 'happy'),
(300, 'new', 'D:/python_project/Emotion_Recognition/Emotion_Recognition/test/testvdo.mp4', 'happy'),
(301, 'new', 'D:/python_project/Emotion_Recognition/Emotion_Recognition/test/testvdo.mp4', 'happy'),
(302, 'new', 'D:/python_project/Emotion_Recognition/Emotion_Recognition/test/testvdo.mp4', 'happy'),
(303, 'new', 'D:/python_project/Emotion_Recognition/Emotion_Recognition/test/testvdo.mp4', 'happy'),
(304, 'new', 'D:/python_project/Emotion_Recognition/Emotion_Recognition/test/testvdo.mp4', 'happy'),
(305, 'new', 'D:/python_project/Emotion_Recognition/Emotion_Recognition/test/testvdo.mp4', 'happy'),
(306, 'new', 'D:/python_project/Emotion_Recognition/Emotion_Recognition/test/testvdo.mp4', 'happy'),
(307, 'new', 'D:/python_project/Emotion_Recognition/Emotion_Recognition/test/testvdo.mp4', 'happy'),
(308, 'new', 'D:/python_project/Emotion_Recognition/Emotion_Recognition/test/testvdo.mp4', 'happy'),
(309, 'new', 'D:/python_project/Emotion_Recognition/Emotion_Recognition/test/testvdo.mp4', 'happy'),
(310, 'new', 'D:/python_project/Emotion_Recognition/Emotion_Recognition/test/testvdo.mp4', 'happy'),
(311, 'new', 'D:/python_project/Emotion_Recognition/Emotion_Recognition/test/testvdo.mp4', 'happy'),
(312, 'new', 'D:/python_project/Emotion_Recognition/Emotion_Recognition/test/testvdo.mp4', 'happy'),
(313, 'new', 'D:/python_project/Emotion_Recognition/Emotion_Recognition/test/testvdo.mp4', 'happy'),
(314, 'new', 'D:/python_project/Emotion_Recognition/Emotion_Recognition/test/testvdo.mp4', 'happy'),
(315, 'new', 'D:/python_project/Emotion_Recognition/Emotion_Recognition/test/testvdo.mp4', 'happy'),
(316, 'new', 'D:/python_project/Emotion_Recognition/Emotion_Recognition/test/testvdo.mp4', 'happy'),
(317, 'new', 'D:/python_project/Emotion_Recognition/Emotion_Recognition/test/testvdo.mp4', 'happy'),
(318, 'new', 'D:/python_project/Emotion_Recognition/Emotion_Recognition/test/testvdo.mp4', 'happy'),
(319, 'new', 'D:/python_project/Emotion_Recognition/Emotion_Recognition/test/testvdo.mp4', 'happy'),
(320, 'new', 'D:/python_project/Emotion_Recognition/Emotion_Recognition/test/testvdo.mp4', 'happy'),
(321, 'new', 'D:/python_project/Emotion_Recognition/Emotion_Recognition/test/testvdo.mp4', 'happy'),
(322, 'new', 'D:/python_project/Emotion_Recognition/Emotion_Recognition/test/testvdo.mp4', 'happy'),
(323, 'new', 'D:/python_project/Emotion_Recognition/Emotion_Recognition/test/testvdo.mp4', 'happy'),
(324, 'new', 'D:/python_project/Emotion_Recognition/Emotion_Recognition/test/testvdo.mp4', 'happy'),
(325, 'new', 'D:/python_project/Emotion_Recognition/Emotion_Recognition/test/testvdo.mp4', 'happy'),
(326, 'new', 'D:/python_project/Emotion_Recognition/Emotion_Recognition/test/testvdo.mp4', 'happy'),
(327, 'new', 'D:/python_project/Emotion_Recognition/Emotion_Recognition/test/testvdo.mp4', 'happy'),
(328, 'new', 'D:/python_project/Emotion_Recognition/Emotion_Recognition/test/testvdo.mp4', 'happy'),
(329, 'new', 'D:/python_project/Emotion_Recognition/Emotion_Recognition/test/testvdo.mp4', 'happy'),
(330, 'new', 'D:/python_project/Emotion_Recognition/Emotion_Recognition/test/testvdo.mp4', 'happy'),
(331, 'new', 'D:/python_project/Emotion_Recognition/Emotion_Recognition/test/testvdo.mp4', 'happy'),
(332, 'new', 'D:/python_project/Emotion_Recognition/Emotion_Recognition/test/testvdo.mp4', 'happy'),
(333, 'new', 'D:/python_project/Emotion_Recognition/Emotion_Recognition/test/testvdo.mp4', 'happy'),
(334, 'new', 'D:/python_project/Emotion_Recognition/Emotion_Recognition/test/testvdo.mp4', 'happy'),
(335, 'new', 'D:/python_project/Emotion_Recognition/Emotion_Recognition/test/testvdo.mp4', 'happy'),
(336, 'new', 'D:/python_project/Emotion_Recognition/Emotion_Recognition/test/testvdo.mp4', 'happy'),
(337, 'new', 'D:/python_project/Emotion_Recognition/Emotion_Recognition/test/testvdo.mp4', 'happy'),
(338, 'new', 'D:/python_project/Emotion_Recognition/Emotion_Recognition/test/testvdo.mp4', 'happy'),
(339, 'new', 'D:/python_project/Emotion_Recognition/Emotion_Recognition/test/testvdo.mp4', 'happy'),
(340, 'new', 'D:/python_project/Emotion_Recognition/Emotion_Recognition/test/testvdo.mp4', 'happy'),
(341, 'new', 'D:/python_project/Emotion_Recognition/Emotion_Recognition/test/testvdo.mp4', 'sad'),
(342, 'new', 'D:/python_project/Emotion_Recognition/Emotion_Recognition/test/testvdo.mp4', 'happy'),
(343, 'new', 'D:/python_project/Emotion_Recognition/Emotion_Recognition/test/testvdo.mp4', 'happy'),
(344, 'new', 'D:/python_project/Emotion_Recognition/Emotion_Recognition/test/testvdo.mp4', 'happy'),
(345, 'new', 'D:/python_project/Emotion_Recognition/Emotion_Recognition/test/testvdo.mp4', 'angry'),
(346, 'new', 'D:/python_project/Emotion_Recognition/Emotion_Recognition/test/testvdo.mp4', 'happy'),
(347, 'new', 'D:/python_project/Emotion_Recognition/Emotion_Recognition/test/testvdo.mp4', 'sad'),
(348, 'new', 'D:/python_project/Emotion_Recognition/Emotion_Recognition/test/testvdo.mp4', 'happy'),
(349, 'new', 'D:/python_project/Emotion_Recognition/Emotion_Recognition/test/testvdo.mp4', 'sad'),
(350, 'new', 'D:/python_project/Emotion_Recognition/Emotion_Recognition/test/testvdo.mp4', 'happy'),
(351, 'new', 'D:/python_project/Emotion_Recognition/Emotion_Recognition/test/testvdo.mp4', 'angry'),
(352, 'new', 'D:/python_project/Emotion_Recognition/Emotion_Recognition/test/testvdo.mp4', 'happy'),
(353, 'new', 'D:/python_project/Emotion_Recognition/Emotion_Recognition/test/testvdo.mp4', 'sad'),
(354, 'new', 'D:/python_project/Emotion_Recognition/Emotion_Recognition/test/testvdo.mp4', 'happy'),
(355, 'new', 'D:/python_project/Emotion_Recognition/Emotion_Recognition/test/testvdo.mp4', 'sad'),
(356, 'new', 'D:/python_project/Emotion_Recognition/Emotion_Recognition/test/testvdo.mp4', 'sad'),
(357, 'new', 'D:/python_project/Emotion_Recognition/Emotion_Recognition/test/testvdo.mp4', 'happy'),
(358, 'new', 'D:/python_project/Emotion_Recognition/Emotion_Recognition/test/testvdo.mp4', 'sad'),
(359, 'new', 'D:/python_project/Emotion_Recognition/Emotion_Recognition/test/testvdo.mp4', 'happy'),
(360, 'new', 'D:/python_project/Emotion_Recognition/Emotion_Recognition/test/testvdo.mp4', 'sad'),
(361, 'new', 'D:/python_project/Emotion_Recognition/Emotion_Recognition/test/testvdo.mp4', 'happy'),
(362, 'new', 'D:/python_project/Emotion_Recognition/Emotion_Recognition/test/testvdo.mp4', 'sad'),
(363, 'new', 'D:/python_project/Emotion_Recognition/Emotion_Recognition/test/testvdo.mp4', 'happy'),
(364, 'new', 'D:/python_project/Emotion_Recognition/Emotion_Recognition/test/testvdo.mp4', 'sad'),
(365, 'new', 'D:/python_project/Emotion_Recognition/Emotion_Recognition/test/testvdo.mp4', 'happy'),
(366, 'new', 'D:/python_project/Emotion_Recognition/Emotion_Recognition/test/testvdo.mp4', 'happy'),
(367, 'new', 'D:/python_project/Emotion_Recognition/Emotion_Recognition/test/testvdo.mp4', 'sad'),
(368, 'new', 'D:/python_project/Emotion_Recognition/Emotion_Recognition/test/testvdo.mp4', 'happy'),
(369, 'new', 'D:/python_project/Emotion_Recognition/Emotion_Recognition/test/testvdo.mp4', 'sad'),
(370, 'new', 'D:/python_project/Emotion_Recognition/Emotion_Recognition/test/testvdo.mp4', 'happy'),
(371, 'new', 'D:/python_project/Emotion_Recognition/Emotion_Recognition/test/testvdo.mp4', 'sad'),
(372, 'new', 'D:/python_project/Emotion_Recognition/Emotion_Recognition/test/testvdo.mp4', 'happy'),
(373, 'new', 'D:/python_project/Emotion_Recognition/Emotion_Recognition/test/testvdo.mp4', 'sad'),
(374, 'new', 'D:/python_project/Emotion_Recognition/Emotion_Recognition/test/testvdo.mp4', 'happy'),
(375, 'new', 'D:/python_project/Emotion_Recognition/Emotion_Recognition/test/testvdo.mp4', 'sad'),
(376, 'new', 'D:/python_project/Emotion_Recognition/Emotion_Recognition/test/testvdo.mp4', 'happy'),
(377, 'new', 'D:/python_project/Emotion_Recognition/Emotion_Recognition/test/testvdo.mp4', 'angry'),
(378, 'new', 'D:/python_project/Emotion_Recognition/Emotion_Recognition/test/testvdo.mp4', 'happy'),
(379, 'new', 'D:/python_project/Emotion_Recognition/Emotion_Recognition/test/testvdo.mp4', 'sad'),
(380, 'new', 'D:/python_project/Emotion_Recognition/Emotion_Recognition/test/testvdo.mp4', 'happy'),
(381, 'new', 'D:/python_project/Emotion_Recognition/Emotion_Recognition/test/testvdo.mp4', 'sad'),
(382, 'new', 'D:/python_project/Emotion_Recognition/Emotion_Recognition/test/testvdo.mp4', 'happy'),
(383, 'new', 'D:/python_project/Emotion_Recognition/Emotion_Recognition/test/testvdo.mp4', 'sad'),
(384, 'new', 'D:/python_project/Emotion_Recognition/Emotion_Recognition/test/testvdo.mp4', 'happy'),
(385, 'new', 'D:/python_project/Emotion_Recognition/Emotion_Recognition/test/testvdo.mp4', 'sad'),
(386, 'new', 'D:/python_project/Emotion_Recognition/Emotion_Recognition/test/testvdo.mp4', 'happy'),
(387, 'new', 'D:/python_project/Emotion_Recognition/Emotion_Recognition/test/testvdo.mp4', 'sad'),
(388, 'new', 'D:/python_project/Emotion_Recognition/Emotion_Recognition/test/testvdo.mp4', 'happy'),
(389, 'new', 'D:/python_project/Emotion_Recognition/Emotion_Recognition/test/testvdo.mp4', 'sad'),
(390, 'new', 'D:/python_project/Emotion_Recognition/Emotion_Recognition/test/testvdo.mp4', 'happy'),
(391, 'new', 'D:/python_project/Emotion_Recognition/Emotion_Recognition/test/testvdo.mp4', 'sad'),
(392, 'new', 'D:/python_project/Emotion_Recognition/Emotion_Recognition/test/testvdo.mp4', 'happy'),
(393, 'new', 'D:/python_project/Emotion_Recognition/Emotion_Recognition/test/testvdo.mp4', 'sad'),
(394, 'new', 'D:/python_project/Emotion_Recognition/Emotion_Recognition/test/testvdo.mp4', 'happy'),
(395, 'new', 'D:/python_project/Emotion_Recognition/Emotion_Recognition/test/testvdo.mp4', 'sad'),
(396, 'new', 'D:/python_project/Emotion_Recognition/Emotion_Recognition/test/testvdo.mp4', 'happy'),
(397, 'new', 'D:/python_project/Emotion_Recognition/Emotion_Recognition/test/testvdo.mp4', 'sad'),
(398, 'new', 'D:/python_project/Emotion_Recognition/Emotion_Recognition/test/testvdo.mp4', 'happy'),
(399, 'new', 'D:/python_project/Emotion_Recognition/Emotion_Recognition/test/testvdo.mp4', 'sad'),
(400, 'new', 'D:/python_project/Emotion_Recognition/Emotion_Recognition/test/testvdo.mp4', 'happy'),
(401, 'new', 'D:/python_project/Emotion_Recognition/Emotion_Recognition/test/testvdo.mp4', 'sad'),
(402, 'new', 'D:/python_project/Emotion_Recognition/Emotion_Recognition/test/testvdo.mp4', 'happy'),
(403, 'new', 'D:/python_project/Emotion_Recognition/Emotion_Recognition/test/testvdo.mp4', 'sad'),
(404, 'new', 'D:/python_project/Emotion_Recognition/Emotion_Recognition/test/testvdo.mp4', 'happy'),
(405, 'new', 'D:/python_project/Emotion_Recognition/Emotion_Recognition/test/testvdo.mp4', 'sad'),
(406, 'new', 'D:/python_project/Emotion_Recognition/Emotion_Recognition/test/testvdo.mp4', 'happy'),
(407, 'new', 'D:/python_project/Emotion_Recognition/Emotion_Recognition/test/testvdo.mp4', 'sad'),
(408, 'new', 'D:/python_project/Emotion_Recognition/Emotion_Recognition/test/testvdo.mp4', 'happy'),
(409, 'new', 'D:/python_project/Emotion_Recognition/Emotion_Recognition/test/testvdo.mp4', 'sad'),
(410, 'new', 'D:/python_project/Emotion_Recognition/Emotion_Recognition/test/testvdo.mp4', 'happy'),
(411, 'new', 'D:/python_project/Emotion_Recognition/Emotion_Recognition/test/testvdo.mp4', 'sad'),
(412, 'new', 'D:/python_project/Emotion_Recognition/Emotion_Recognition/test/testvdo.mp4', 'happy'),
(413, 'new', 'D:/python_project/Emotion_Recognition/Emotion_Recognition/test/testvdo.mp4', 'sad'),
(414, 'new', 'D:/python_project/Emotion_Recognition/Emotion_Recognition/test/testvdo.mp4', 'happy'),
(415, 'new', 'D:/python_project/Emotion_Recognition/Emotion_Recognition/test/testvdo.mp4', 'sad'),
(416, 'new', 'D:/python_project/Emotion_Recognition/Emotion_Recognition/test/testvdo.mp4', 'happy'),
(417, 'new', 'D:/python_project/Emotion_Recognition/Emotion_Recognition/test/testvdo.mp4', 'sad'),
(418, 'new', 'D:/python_project/Emotion_Recognition/Emotion_Recognition/test/testvdo.mp4', 'happy'),
(419, 'new', 'D:/python_project/Emotion_Recognition/Emotion_Recognition/test/testvdo.mp4', 'sad'),
(420, 'new', 'D:/python_project/Emotion_Recognition/Emotion_Recognition/test/testvdo.mp4', 'happy'),
(421, 'new', 'D:/python_project/Emotion_Recognition/Emotion_Recognition/test/testvdo.mp4', 'sad'),
(422, 'new', 'D:/python_project/Emotion_Recognition/Emotion_Recognition/test/testvdo.mp4', 'happy'),
(423, 'new', 'D:/python_project/Emotion_Recognition/Emotion_Recognition/test/testvdo.mp4', 'sad'),
(424, 'new', 'D:/python_project/Emotion_Recognition/Emotion_Recognition/test/testvdo.mp4', 'happy'),
(425, 'new', 'D:/python_project/Emotion_Recognition/Emotion_Recognition/test/testvdo.mp4', 'sad'),
(426, 'new', 'D:/python_project/Emotion_Recognition/Emotion_Recognition/test/testvdo.mp4', 'happy'),
(427, 'new', 'D:/python_project/Emotion_Recognition/Emotion_Recognition/test/testvdo.mp4', 'sad'),
(428, 'new', 'D:/python_project/Emotion_Recognition/Emotion_Recognition/test/testvdo.mp4', 'happy'),
(429, 'new', 'D:/python_project/Emotion_Recognition/Emotion_Recognition/test/testvdo.mp4', 'sad'),
(430, 'new', 'D:/python_project/Emotion_Recognition/Emotion_Recognition/test/testvdo.mp4', 'happy'),
(431, 'new', 'D:/python_project/Emotion_Recognition/Emotion_Recognition/test/testvdo.mp4', 'sad'),
(432, 'new', 'D:/python_project/Emotion_Recognition/Emotion_Recognition/test/testvdo.mp4', 'sad'),
(433, 'new', 'D:/python_project/Emotion_Recognition/Emotion_Recognition/test/testvdo.mp4', 'happy'),
(434, 'new', 'D:/python_project/Emotion_Recognition/Emotion_Recognition/test/testvdo.mp4', 'sad'),
(435, 'new', 'D:/python_project/Emotion_Recognition/Emotion_Recognition/test/testvdo.mp4', 'happy'),
(436, 'new', 'D:/python_project/Emotion_Recognition/Emotion_Recognition/test/testvdo.mp4', 'sad'),
(437, 'new', 'D:/python_project/Emotion_Recognition/Emotion_Recognition/test/testvdo.mp4', 'happy'),
(438, 'new', 'D:/python_project/Emotion_Recognition/Emotion_Recognition/test/testvdo.mp4', 'sad'),
(439, 'new', 'D:/python_project/Emotion_Recognition/Emotion_Recognition/test/testvdo.mp4', 'happy'),
(440, 'new', 'D:/python_project/Emotion_Recognition/Emotion_Recognition/test/testvdo.mp4', 'angry'),
(441, 'new', 'D:/python_project/Emotion_Recognition/Emotion_Recognition/test/testvdo.mp4', 'happy'),
(442, 'new', 'D:/python_project/Emotion_Recognition/Emotion_Recognition/test/testvdo.mp4', 'sad'),
(443, 'new', 'D:/python_project/Emotion_Recognition/Emotion_Recognition/test/testvdo.mp4', 'happy'),
(444, 'new', 'D:/python_project/Emotion_Recognition/Emotion_Recognition/test/testvdo.mp4', 'angry'),
(445, 'new', 'D:/python_project/Emotion_Recognition/Emotion_Recognition/test/testvdo.mp4', 'happy'),
(446, 'new', 'D:/python_project/Emotion_Recognition/Emotion_Recognition/test/testvdo.mp4', 'angry'),
(447, 'new', 'D:/python_project/Emotion_Recognition/Emotion_Recognition/test/testvdo.mp4', 'happy'),
(448, 'new', 'D:/python_project/Emotion_Recognition/Emotion_Recognition/test/testvdo.mp4', 'sad'),
(449, 'new', 'D:/python_project/Emotion_Recognition/Emotion_Recognition/test/testvdo.mp4', 'happy'),
(450, 'new', 'D:/python_project/Emotion_Recognition/Emotion_Recognition/test/testvdo.mp4', 'happy'),
(451, 'new', 'D:/python_project/Emotion_Recognition/Emotion_Recognition/test/testvdo.mp4', 'happy'),
(452, 'new', 'D:/python_project/Emotion_Recognition/Emotion_Recognition/test/testvdo.mp4', 'happy'),
(453, 'new', 'D:/python_project/Emotion_Recognition/Emotion_Recognition/test/testvdo.mp4', 'happy'),
(454, 'new', 'D:/python_project/Emotion_Recognition/Emotion_Recognition/test/testvdo.mp4', 'happy'),
(455, 'new', 'D:/python_project/Emotion_Recognition/Emotion_Recognition/test/testvdo.mp4', 'happy'),
(456, 'new', 'D:/python_project/Emotion_Recognition/Emotion_Recognition/test/testvdo.mp4', 'sad'),
(457, 'new', 'D:/python_project/Emotion_Recognition/Emotion_Recognition/test/testvdo.mp4', 'happy'),
(458, 'new', 'D:/python_project/Emotion_Recognition/Emotion_Recognition/test/testvdo.mp4', 'sad'),
(459, 'new', 'D:/python_project/Emotion_Recognition/Emotion_Recognition/test/testvdo.mp4', 'happy'),
(460, 'new', 'D:/python_project/Emotion_Recognition/Emotion_Recognition/test/testvdo.mp4', 'happy'),
(461, 'new', 'D:/python_project/Emotion_Recognition/Emotion_Recognition/test/testvdo.mp4', 'happy'),
(462, 'new', 'D:/python_project/Emotion_Recognition/Emotion_Recognition/test/testvdo.mp4', 'angry'),
(463, 'new', 'D:/python_project/Emotion_Recognition/Emotion_Recognition/test/testvdo.mp4', 'happy'),
(464, 'new', 'D:/python_project/Emotion_Recognition/Emotion_Recognition/test/testvdo.mp4', 'happy'),
(465, 'new', 'D:/python_project/Emotion_Recognition/Emotion_Recognition/test/testvdo.mp4', 'happy'),
(466, 'new', 'D:/python_project/Emotion_Recognition/Emotion_Recognition/test/testvdo.mp4', 'sad'),
(467, 'new', 'D:/python_project/Emotion_Recognition/Emotion_Recognition/test/testvdo.mp4', 'happy'),
(468, 'new', 'D:/python_project/Emotion_Recognition/Emotion_Recognition/test/testvdo.mp4', 'sad'),
(469, 'new', 'D:/python_project/Emotion_Recognition/Emotion_Recognition/test/testvdo.mp4', 'happy'),
(470, 'new', 'D:/python_project/Emotion_Recognition/Emotion_Recognition/test/testvdo.mp4', 'sad'),
(471, 'new', 'D:/python_project/Emotion_Recognition/Emotion_Recognition/test/testvdo.mp4', 'happy'),
(472, 'new', 'D:/python_project/Emotion_Recognition/Emotion_Recognition/test/testvdo.mp4', 'happy'),
(473, 'new', 'D:/python_project/Emotion_Recognition/Emotion_Recognition/test/testvdo.mp4', 'happy'),
(474, 'new', 'D:/python_project/Emotion_Recognition/Emotion_Recognition/test/testvdo.mp4', 'happy'),
(475, 'new', 'D:/python_project/Emotion_Recognition/Emotion_Recognition/test/testvdo.mp4', 'happy'),
(476, 'new', 'D:/python_project/Emotion_Recognition/Emotion_Recognition/test/testvdo.mp4', 'happy'),
(477, 'new', 'D:/python_project/Emotion_Recognition/Emotion_Recognition/test/testvdo.mp4', 'happy'),
(478, 'new', 'D:/python_project/Emotion_Recognition/Emotion_Recognition/test/testvdo.mp4', 'happy'),
(479, 'new', 'D:/python_project/Emotion_Recognition/Emotion_Recognition/test/testvdo.mp4', 'happy'),
(480, 'new', 'D:/python_project/Emotion_Recognition/Emotion_Recognition/test/testvdo.mp4', 'happy'),
(481, 'new', 'D:/python_project/Emotion_Recognition/Emotion_Recognition/test/testvdo.mp4', 'happy'),
(482, 'new', 'D:/python_project/Emotion_Recognition/Emotion_Recognition/test/testvdo.mp4', 'happy'),
(483, 'new', 'D:/python_project/Emotion_Recognition/Emotion_Recognition/test/testvdo.mp4', 'happy'),
(484, 'new', 'D:/python_project/Emotion_Recognition/Emotion_Recognition/test/testvdo.mp4', 'happy'),
(485, 'new', 'D:/python_project/Emotion_Recognition/Emotion_Recognition/test/testvdo.mp4', 'happy'),
(486, 'new', 'D:/python_project/Emotion_Recognition/Emotion_Recognition/test/testvdo.mp4', 'happy'),
(487, 'new', 'D:/python_project/Emotion_Recognition/Emotion_Recognition/test/testvdo.mp4', 'happy'),
(488, 'new', 'D:/python_project/Emotion_Recognition/Emotion_Recognition/test/testvdo.mp4', 'happy'),
(489, 'new', 'D:/python_project/Emotion_Recognition/Emotion_Recognition/test/testvdo.mp4', 'happy'),
(490, 'new', 'D:/python_project/Emotion_Recognition/Emotion_Recognition/test/testvdo.mp4', 'happy'),
(491, 'new', 'D:/python_project/Emotion_Recognition/Emotion_Recognition/test/testvdo.mp4', 'happy'),
(492, 'new', 'D:/python_project/Emotion_Recognition/Emotion_Recognition/test/testvdo.mp4', 'happy'),
(493, 'new', 'D:/python_project/Emotion_Recognition/Emotion_Recognition/test/testvdo.mp4', 'happy'),
(494, 'new', 'D:/python_project/Emotion_Recognition/Emotion_Recognition/test/testvdo.mp4', 'happy'),
(495, 'new', 'D:/python_project/Emotion_Recognition/Emotion_Recognition/test/testvdo.mp4', 'happy'),
(496, 'new', 'D:/python_project/Emotion_Recognition/Emotion_Recognition/test/testvdo.mp4', 'happy'),
(497, 'new', 'D:/python_project/Emotion_Recognition/Emotion_Recognition/test/testvdo.mp4', 'happy'),
(498, 'new', 'D:/python_project/Emotion_Recognition/Emotion_Recognition/test/testvdo.mp4', 'happy'),
(499, 'new', 'D:/python_project/Emotion_Recognition/Emotion_Recognition/test/testvdo.mp4', 'happy'),
(500, 'new', 'D:/python_project/Emotion_Recognition/Emotion_Recognition/test/testvdo.mp4', 'happy'),
(501, 'new', 'D:/python_project/Emotion_Recognition/Emotion_Recognition/test/testvdo.mp4', 'happy'),
(502, 'new', 'D:/python_project/Emotion_Recognition/Emotion_Recognition/test/testvdo.mp4', 'happy'),
(503, 'new', 'D:/python_project/Emotion_Recognition/Emotion_Recognition/test/testvdo.mp4', 'happy'),
(504, 'new', 'D:/python_project/Emotion_Recognition/Emotion_Recognition/test/testvdo.mp4', 'happy'),
(505, 'new', 'D:/python_project/Emotion_Recognition/Emotion_Recognition/test/testvdo.mp4', 'happy'),
(506, 'new', 'D:/python_project/Emotion_Recognition/Emotion_Recognition/test/testvdo.mp4', 'happy'),
(507, 'new', 'D:/python_project/Emotion_Recognition/Emotion_Recognition/test/testvdo.mp4', 'happy');
INSERT INTO `user_recognitionmodel` (`id`, `username`, `path`, `result`) VALUES
(508, 'new', 'D:/python_project/Emotion_Recognition/Emotion_Recognition/test/testvdo.mp4', 'happy'),
(509, 'new', 'D:/python_project/Emotion_Recognition/Emotion_Recognition/test/testvdo.mp4', 'happy'),
(510, 'new', 'D:/python_project/Emotion_Recognition/Emotion_Recognition/test/testvdo.mp4', 'happy'),
(511, 'new', 'D:/python_project/Emotion_Recognition/Emotion_Recognition/test/testvdo.mp4', 'happy'),
(512, 'new', 'D:/python_project/Emotion_Recognition/Emotion_Recognition/test/testvdo.mp4', 'happy'),
(513, 'new', 'D:/python_project/Emotion_Recognition/Emotion_Recognition/test/testvdo.mp4', 'happy'),
(514, 'new', 'D:/python_project/Emotion_Recognition/Emotion_Recognition/test/testvdo.mp4', 'happy'),
(515, 'new', 'D:/python_project/Emotion_Recognition/Emotion_Recognition/test/testvdo.mp4', 'happy'),
(516, 'new', 'D:/python_project/Emotion_Recognition/Emotion_Recognition/test/testvdo.mp4', 'happy'),
(517, 'new', 'D:/python_project/Emotion_Recognition/Emotion_Recognition/test/testvdo.mp4', 'happy'),
(518, 'new', 'D:/python_project/Emotion_Recognition/Emotion_Recognition/test/testvdo.mp4', 'happy'),
(519, 'new', 'D:/python_project/Emotion_Recognition/Emotion_Recognition/test/testvdo.mp4', 'happy'),
(520, 'new', 'D:/python_project/Emotion_Recognition/Emotion_Recognition/test/testvdo.mp4', 'happy'),
(521, 'new', 'D:/python_project/Emotion_Recognition/Emotion_Recognition/test/testvdo.mp4', 'happy'),
(522, 'new', 'D:/python_project/Emotion_Recognition/Emotion_Recognition/test/testvdo.mp4', 'happy'),
(523, 'new', 'D:/python_project/Emotion_Recognition/Emotion_Recognition/test/testvdo.mp4', 'happy'),
(524, 'new', 'D:/python_project/Emotion_Recognition/Emotion_Recognition/test/testvdo.mp4', 'happy'),
(525, 'new', 'D:/python_project/Emotion_Recognition/Emotion_Recognition/test/testvdo.mp4', 'happy'),
(526, 'new', 'D:/python_project/Emotion_Recognition/Emotion_Recognition/test/testvdo.mp4', 'happy'),
(527, 'new', 'D:/python_project/Emotion_Recognition/Emotion_Recognition/test/testvdo.mp4', 'happy'),
(528, 'new', 'D:/python_project/Emotion_Recognition/Emotion_Recognition/test/testvdo.mp4', 'happy'),
(529, 'new', 'D:/python_project/Emotion_Recognition/Emotion_Recognition/test/testvdo.mp4', 'happy'),
(530, 'new', 'D:/python_project/Emotion_Recognition/Emotion_Recognition/test/testvdo.mp4', 'happy'),
(531, 'new', 'D:/python_project/Emotion_Recognition/Emotion_Recognition/test/testvdo.mp4', 'happy'),
(532, 'new', 'D:/python_project/Emotion_Recognition/Emotion_Recognition/test/testvdo.mp4', 'happy'),
(533, 'new', 'D:/python_project/Emotion_Recognition/Emotion_Recognition/test/testvdo.mp4', 'happy'),
(534, 'new', 'D:/python_project/Emotion_Recognition/Emotion_Recognition/test/testvdo.mp4', 'happy'),
(535, 'new', 'D:/python_project/Emotion_Recognition/Emotion_Recognition/test/testvdo.mp4', 'happy'),
(536, 'new', 'D:/python_project/Emotion_Recognition/Emotion_Recognition/test/testvdo.mp4', 'happy'),
(537, 'new', 'D:/python_project/Emotion_Recognition/Emotion_Recognition/test/testvdo.mp4', 'happy'),
(538, 'new', 'D:/python_project/Emotion_Recognition/Emotion_Recognition/test/testvdo.mp4', 'happy'),
(539, 'new', 'D:/python_project/Emotion_Recognition/Emotion_Recognition/test/testvdo.mp4', 'happy'),
(540, 'new', 'D:/python_project/Emotion_Recognition/Emotion_Recognition/test/testvdo.mp4', 'happy'),
(541, 'new', 'D:/python_project/Emotion_Recognition/Emotion_Recognition/test/testvdo.mp4', 'happy'),
(542, 'new', 'D:/python_project/Emotion_Recognition/Emotion_Recognition/test/testvdo.mp4', 'happy'),
(543, 'new', 'D:/python_project/Emotion_Recognition/Emotion_Recognition/test/testvdo.mp4', 'happy'),
(544, 'new', 'D:/python_project/Emotion_Recognition/Emotion_Recognition/test/testvdo.mp4', 'happy'),
(545, 'new', 'D:/python_project/Emotion_Recognition/Emotion_Recognition/test/testvdo.mp4', 'happy'),
(546, 'new', 'D:/python_project/Emotion_Recognition/Emotion_Recognition/test/testvdo.mp4', 'happy'),
(547, 'new', 'D:/python_project/Emotion_Recognition/Emotion_Recognition/test/testvdo.mp4', 'happy'),
(548, 'new', 'D:/python_project/Emotion_Recognition/Emotion_Recognition/test/testvdo.mp4', 'happy'),
(549, 'new', 'D:/python_project/Emotion_Recognition/Emotion_Recognition/test/testvdo.mp4', 'happy'),
(550, 'new', 'D:/python_project/Emotion_Recognition/Emotion_Recognition/test/testvdo.mp4', 'happy'),
(551, 'new', 'D:/python_project/Emotion_Recognition/Emotion_Recognition/test/testvdo.mp4', 'happy'),
(552, 'new', 'D:/python_project/Emotion_Recognition/Emotion_Recognition/test/testvdo.mp4', 'happy'),
(553, 'new', 'D:/python_project/Emotion_Recognition/Emotion_Recognition/test/testvdo.mp4', 'happy'),
(554, 'new', 'D:/python_project/Emotion_Recognition/Emotion_Recognition/test/testvdo.mp4', 'happy'),
(555, 'new', 'D:/python_project/Emotion_Recognition/Emotion_Recognition/test/testvdo.mp4', 'happy'),
(556, 'new', 'D:/python_project/Emotion_Recognition/Emotion_Recognition/test/testvdo.mp4', 'happy'),
(557, 'new', 'D:/python_project/Emotion_Recognition/Emotion_Recognition/test/testvdo.mp4', 'happy'),
(558, 'new', 'D:/python_project/Emotion_Recognition/Emotion_Recognition/test/testvdo.mp4', 'happy'),
(559, 'new', 'D:/python_project/Emotion_Recognition/Emotion_Recognition/test/testvdo.mp4', 'happy'),
(560, 'new', 'D:/python_project/Emotion_Recognition/Emotion_Recognition/test/testvdo.mp4', 'happy'),
(561, 'new', 'D:/python_project/Emotion_Recognition/Emotion_Recognition/test/testvdo.mp4', 'happy'),
(562, 'new', 'D:/python_project/Emotion_Recognition/Emotion_Recognition/test/testvdo.mp4', 'happy'),
(563, 'new', 'D:/python_project/Emotion_Recognition/Emotion_Recognition/test/testvdo.mp4', 'happy'),
(564, 'new', 'D:/python_project/Emotion_Recognition/Emotion_Recognition/test/testvdo.mp4', 'happy'),
(565, 'new', 'D:/python_project/Emotion_Recognition/Emotion_Recognition/test/testvdo.mp4', 'happy'),
(566, 'new', 'D:/python_project/Emotion_Recognition/Emotion_Recognition/test/testvdo.mp4', 'happy'),
(567, 'new', 'D:/python_project/Emotion_Recognition/Emotion_Recognition/test/testvdo.mp4', 'happy'),
(568, 'new', 'D:/python_project/Emotion_Recognition/Emotion_Recognition/test/testvdo.mp4', 'happy'),
(569, 'new', 'D:/python_project/Emotion_Recognition/Emotion_Recognition/test/testvdo.mp4', 'happy'),
(570, 'new', 'D:/python_project/Emotion_Recognition/Emotion_Recognition/test/testvdo.mp4', 'happy'),
(571, 'new', 'D:/python_project/Emotion_Recognition/Emotion_Recognition/test/testvdo.mp4', 'happy'),
(572, 'new', 'D:/python_project/Emotion_Recognition/Emotion_Recognition/test/testvdo.mp4', 'happy'),
(573, 'new', 'D:/python_project/Emotion_Recognition/Emotion_Recognition/test/testvdo.mp4', 'happy'),
(574, 'new', 'D:/python_project/Emotion_Recognition/Emotion_Recognition/test/testvdo.mp4', 'happy'),
(575, 'new', 'D:/python_project/Emotion_Recognition/Emotion_Recognition/test/testvdo.mp4', 'happy'),
(576, 'new', 'D:/python_project/Emotion_Recognition/Emotion_Recognition/test/testvdo.mp4', 'happy'),
(577, 'new', 'D:/python_project/Emotion_Recognition/Emotion_Recognition/test/testvdo.mp4', 'happy'),
(578, 'new', 'D:/python_project/Emotion_Recognition/Emotion_Recognition/test/testvdo.mp4', 'happy'),
(579, 'new', 'D:/python_project/Emotion_Recognition/Emotion_Recognition/test/testvdo.mp4', 'happy'),
(580, 'new', 'D:/python_project/Emotion_Recognition/Emotion_Recognition/test/testvdo.mp4', 'happy'),
(581, 'new', 'D:/python_project/Emotion_Recognition/Emotion_Recognition/test/testvdo.mp4', 'happy'),
(582, 'new', 'D:/python_project/Emotion_Recognition/Emotion_Recognition/test/testvdo.mp4', 'happy'),
(583, 'new', 'D:/python_project/Emotion_Recognition/Emotion_Recognition/test/testvdo.mp4', 'happy'),
(584, 'new', 'D:/python_project/Emotion_Recognition/Emotion_Recognition/test/testvdo.mp4', 'happy'),
(585, 'new', 'D:/python_project/Emotion_Recognition/Emotion_Recognition/test/testvdo.mp4', 'happy'),
(586, 'new', 'D:/python_project/Emotion_Recognition/Emotion_Recognition/test/testvdo.mp4', 'happy'),
(587, 'new', 'D:/python_project/Emotion_Recognition/Emotion_Recognition/test/testvdo.mp4', 'happy'),
(588, 'new', 'D:/python_project/Emotion_Recognition/Emotion_Recognition/test/testvdo.mp4', 'happy'),
(589, 'new', 'D:/python_project/Emotion_Recognition/Emotion_Recognition/test/testvdo.mp4', 'happy'),
(590, 'new', 'D:/python_project/Emotion_Recognition/Emotion_Recognition/test/testvdo.mp4', 'happy'),
(591, 'new', 'D:/python_project/Emotion_Recognition/Emotion_Recognition/test/testvdo.mp4', 'happy'),
(592, 'new', 'D:/python_project/Emotion_Recognition/Emotion_Recognition/test/testvdo.mp4', 'happy'),
(593, 'new', 'D:/python_project/Emotion_Recognition/Emotion_Recognition/test/testvdo.mp4', 'happy'),
(594, 'new', 'D:/python_project/Emotion_Recognition/Emotion_Recognition/test/testvdo.mp4', 'happy'),
(595, 'new', 'D:/python_project/Emotion_Recognition/Emotion_Recognition/test/testvdo.mp4', 'happy'),
(596, 'new', 'D:/python_project/Emotion_Recognition/Emotion_Recognition/test/testvdo.mp4', 'happy'),
(597, 'new', 'D:/python_project/Emotion_Recognition/Emotion_Recognition/test/testvdo.mp4', 'happy'),
(598, 'new', 'D:/python_project/Emotion_Recognition/Emotion_Recognition/test/testvdo.mp4', 'angry'),
(599, 'new', 'D:/python_project/Emotion_Recognition/Emotion_Recognition/test/testvdo.mp4', 'happy'),
(600, 'new', 'D:/python_project/Emotion_Recognition/Emotion_Recognition/test/testvdo.mp4', 'angry'),
(601, 'new', 'D:/python_project/Emotion_Recognition/Emotion_Recognition/test/testvdo.mp4', 'happy'),
(602, 'new', 'D:/python_project/Emotion_Recognition/Emotion_Recognition/test/testvdo.mp4', 'happy'),
(603, 'new', 'D:/python_project/Emotion_Recognition/Emotion_Recognition/test/testvdo.mp4', 'happy'),
(604, 'new', 'D:/python_project/Emotion_Recognition/Emotion_Recognition/test/testvdo.mp4', 'happy'),
(605, 'new', 'D:/python_project/Emotion_Recognition/Emotion_Recognition/test/testvdo.mp4', 'happy'),
(606, 'new', 'D:/python_project/Emotion_Recognition/Emotion_Recognition/test/testvdo.mp4', 'happy'),
(607, 'new', 'D:/python_project/Emotion_Recognition/Emotion_Recognition/test/testvdo.mp4', 'happy'),
(608, 'new', 'D:/python_project/Emotion_Recognition/Emotion_Recognition/test/testvdo.mp4', 'happy'),
(609, 'new', 'D:/python_project/Emotion_Recognition/Emotion_Recognition/test/testvdo.mp4', 'happy'),
(610, 'new', 'D:/python_project/Emotion_Recognition/Emotion_Recognition/test/testvdo.mp4', 'happy'),
(611, 'new', 'D:/python_project/Emotion_Recognition/Emotion_Recognition/test/testvdo.mp4', 'happy'),
(612, 'new', 'D:/python_project/Emotion_Recognition/Emotion_Recognition/test/testvdo.mp4', 'happy'),
(613, 'new', 'D:/python_project/Emotion_Recognition/Emotion_Recognition/test/testvdo.mp4', 'happy'),
(614, 'new', 'D:/python_project/Emotion_Recognition/Emotion_Recognition/test/testvdo.mp4', 'happy'),
(615, 'new', 'D:/python_project/Emotion_Recognition/Emotion_Recognition/test/testvdo.mp4', 'happy'),
(616, 'new', 'D:/python_project/Emotion_Recognition/Emotion_Recognition/test/testvdo.mp4', 'happy'),
(617, 'new', 'D:/python_project/Emotion_Recognition/Emotion_Recognition/test/testvdo.mp4', 'angry'),
(618, 'new', 'D:/python_project/Emotion_Recognition/Emotion_Recognition/test/testvdo.mp4', 'happy'),
(619, 'new', 'D:/python_project/Emotion_Recognition/Emotion_Recognition/test/testvdo.mp4', 'angry'),
(620, 'new', 'D:/python_project/Emotion_Recognition/Emotion_Recognition/test/testvdo.mp4', 'happy'),
(621, 'new', 'D:/python_project/Emotion_Recognition/Emotion_Recognition/test/testvdo.mp4', 'happy'),
(622, 'new', 'D:/python_project/Emotion_Recognition/Emotion_Recognition/test/testvdo.mp4', 'happy'),
(623, 'new', 'D:/python_project/Emotion_Recognition/Emotion_Recognition/test/testvdo.mp4', 'angry'),
(624, 'new', 'D:/python_project/Emotion_Recognition/Emotion_Recognition/test/testvdo.mp4', 'happy'),
(625, 'new', 'D:/python_project/Emotion_Recognition/Emotion_Recognition/test/testvdo.mp4', 'happy'),
(626, 'new', 'D:/python_project/Emotion_Recognition/Emotion_Recognition/test/testvdo.mp4', 'happy'),
(627, 'new', 'D:/python_project/Emotion_Recognition/Emotion_Recognition/test/testvdo.mp4', 'happy'),
(628, 'new', 'D:/python_project/Emotion_Recognition/Emotion_Recognition/test/testvdo.mp4', 'happy'),
(629, 'new', 'D:/python_project/Emotion_Recognition/Emotion_Recognition/test/testvdo.mp4', 'happy'),
(630, 'new', 'D:/python_project/Emotion_Recognition/Emotion_Recognition/test/testvdo.mp4', 'angry'),
(631, 'new', 'D:/python_project/Emotion_Recognition/Emotion_Recognition/test/testvdo.mp4', 'happy'),
(632, 'new', 'D:/python_project/Emotion_Recognition/Emotion_Recognition/test/testvdo.mp4', 'angry'),
(633, 'new', 'D:/python_project/Emotion_Recognition/Emotion_Recognition/test/testvdo.mp4', 'happy'),
(634, 'new', 'D:/python_project/Emotion_Recognition/Emotion_Recognition/test/testvdo.mp4', 'angry'),
(635, 'new', 'D:/python_project/Emotion_Recognition/Emotion_Recognition/test/testvdo.mp4', 'happy'),
(636, 'new', 'D:/python_project/Emotion_Recognition/Emotion_Recognition/test/testvdo.mp4', 'angry'),
(637, 'new', 'D:/python_project/Emotion_Recognition/Emotion_Recognition/test/testvdo.mp4', 'happy'),
(638, 'new', 'D:/python_project/Emotion_Recognition/Emotion_Recognition/test/testvdo.mp4', 'angry'),
(639, 'new', 'D:/python_project/Emotion_Recognition/Emotion_Recognition/test/testvdo.mp4', 'happy'),
(640, 'new', 'D:/python_project/Emotion_Recognition/Emotion_Recognition/test/testvdo.mp4', 'happy'),
(641, 'new', 'D:/python_project/Emotion_Recognition/Emotion_Recognition/test/testvdo.mp4', 'angry'),
(642, 'new', 'D:/python_project/Emotion_Recognition/Emotion_Recognition/test/testvdo.mp4', 'angry'),
(643, 'new', 'D:/python_project/Emotion_Recognition/Emotion_Recognition/test/testvdo.mp4', 'happy'),
(644, 'new', 'D:/python_project/Emotion_Recognition/Emotion_Recognition/test/testvdo.mp4', 'happy'),
(645, 'new', 'D:/python_project/Emotion_Recognition/Emotion_Recognition/test/testvdo.mp4', 'angry'),
(646, 'new', 'D:/python_project/Emotion_Recognition/Emotion_Recognition/test/testvdo.mp4', 'happy'),
(647, 'new', 'D:/python_project/Emotion_Recognition/Emotion_Recognition/test/testvdo.mp4', 'happy'),
(648, 'new', 'D:/python_project/Emotion_Recognition/Emotion_Recognition/test/testvdo.mp4', 'happy'),
(649, 'new', 'D:/python_project/Emotion_Recognition/Emotion_Recognition/test/testvdo.mp4', 'happy'),
(650, 'new', 'D:/python_project/Emotion_Recognition/Emotion_Recognition/test/testvdo.mp4', 'happy'),
(651, 'new', 'D:/python_project/Emotion_Recognition/Emotion_Recognition/test/testvdo.mp4', 'happy'),
(652, 'new', 'D:/python_project/Emotion_Recognition/Emotion_Recognition/test/testvdo.mp4', 'happy'),
(653, 'new', 'D:/python_project/Emotion_Recognition/Emotion_Recognition/test/testvdo.mp4', 'happy'),
(654, 'new', 'D:/python_project/Emotion_Recognition/Emotion_Recognition/test/testvdo.mp4', 'happy'),
(655, 'new', 'D:/python_project/Emotion_Recognition/Emotion_Recognition/test/testvdo.mp4', 'happy'),
(656, 'new', 'D:/python_project/Emotion_Recognition/Emotion_Recognition/test/testvdo.mp4', 'happy'),
(657, 'new', 'D:/python_project/Emotion_Recognition/Emotion_Recognition/test/testvdo.mp4', 'happy'),
(658, 'new', 'D:/python_project/Emotion_Recognition/Emotion_Recognition/test/testvdo.mp4', 'happy'),
(659, 'new', 'D:/python_project/Emotion_Recognition/Emotion_Recognition/test/testvdo.mp4', 'happy'),
(660, 'new', 'D:/python_project/Emotion_Recognition/Emotion_Recognition/test/testvdo.mp4', 'happy'),
(661, 'new', 'D:/python_project/Emotion_Recognition/Emotion_Recognition/test/testvdo.mp4', 'happy'),
(662, 'new', 'D:/python_project/Emotion_Recognition/Emotion_Recognition/test/testvdo.mp4', 'happy'),
(663, 'new', 'D:/python_project/Emotion_Recognition/Emotion_Recognition/test/testvdo.mp4', 'happy'),
(664, 'new', 'D:/python_project/Emotion_Recognition/Emotion_Recognition/test/testvdo.mp4', 'happy'),
(665, 'new', 'D:/python_project/Emotion_Recognition/Emotion_Recognition/test/testvdo.mp4', 'happy'),
(666, 'new', 'D:/python_project/Emotion_Recognition/Emotion_Recognition/test/testvdo.mp4', 'happy'),
(667, 'new', 'D:/python_project/Emotion_Recognition/Emotion_Recognition/test/testvdo.mp4', 'happy'),
(668, 'new', 'D:/python_project/Emotion_Recognition/Emotion_Recognition/test/testvdo.mp4', 'happy'),
(669, 'new', 'D:/python_project/Emotion_Recognition/Emotion_Recognition/test/testvdo.mp4', 'happy'),
(670, 'new', 'D:/python_project/Emotion_Recognition/Emotion_Recognition/test/testvdo.mp4', 'happy'),
(671, 'new', 'D:/python_project/Emotion_Recognition/Emotion_Recognition/test/testvdo.mp4', 'happy'),
(672, 'new', 'D:/python_project/Emotion_Recognition/Emotion_Recognition/test/testvdo.mp4', 'happy'),
(673, 'new', 'D:/python_project/Emotion_Recognition/Emotion_Recognition/test/testvdo.mp4', 'happy'),
(674, 'new', 'D:/python_project/Emotion_Recognition/Emotion_Recognition/test/testvdo.mp4', 'happy'),
(675, 'new', 'D:/python_project/Emotion_Recognition/Emotion_Recognition/test/testvdo.mp4', 'happy'),
(676, 'new', 'D:/python_project/Emotion_Recognition/Emotion_Recognition/test/testvdo.mp4', 'happy'),
(677, 'new', 'D:/python_project/Emotion_Recognition/Emotion_Recognition/test/testvdo.mp4', 'happy'),
(678, 'new', 'D:/python_project/Emotion_Recognition/Emotion_Recognition/test/testvdo.mp4', 'happy'),
(679, 'new', 'D:/python_project/Emotion_Recognition/Emotion_Recognition/test/testvdo.mp4', 'happy'),
(680, 'new', 'D:/python_project/Emotion_Recognition/Emotion_Recognition/test/testvdo.mp4', 'happy'),
(681, 'new', 'D:/python_project/Emotion_Recognition/Emotion_Recognition/test/testvdo.mp4', 'angry'),
(682, 'new', 'D:/python_project/Emotion_Recognition/Emotion_Recognition/test/testvdo.mp4', 'happy'),
(683, 'new', 'D:/python_project/Emotion_Recognition/Emotion_Recognition/test/testvdo.mp4', 'angry'),
(684, 'new', 'D:/python_project/Emotion_Recognition/Emotion_Recognition/test/testvdo.mp4', 'happy'),
(685, 'new', 'D:/python_project/Emotion_Recognition/Emotion_Recognition/test/testvdo.mp4', 'angry'),
(686, 'new', 'D:/python_project/Emotion_Recognition/Emotion_Recognition/test/testvdo.mp4', 'happy'),
(687, 'new', 'D:/python_project/Emotion_Recognition/Emotion_Recognition/test/testvdo.mp4', 'happy'),
(688, 'new', 'D:/python_project/Emotion_Recognition/Emotion_Recognition/test/testvdo.mp4', 'happy'),
(689, 'new', 'D:/python_project/Emotion_Recognition/Emotion_Recognition/test/testvdo.mp4', 'happy'),
(690, 'new', 'D:/python_project/Emotion_Recognition/Emotion_Recognition/test/testvdo.mp4', 'happy'),
(691, 'new', 'D:/python_project/Emotion_Recognition/Emotion_Recognition/test/testvdo.mp4', 'happy'),
(692, 'new', 'D:/python_project/Emotion_Recognition/Emotion_Recognition/test/testvdo.mp4', 'happy'),
(693, 'new', 'D:/python_project/Emotion_Recognition/Emotion_Recognition/test/testvdo.mp4', 'happy'),
(694, 'new', 'D:/python_project/Emotion_Recognition/Emotion_Recognition/test/testvdo.mp4', 'happy'),
(695, 'new', 'D:/python_project/Emotion_Recognition/Emotion_Recognition/test/testvdo.mp4', 'happy'),
(696, 'new', 'D:/python_project/Emotion_Recognition/Emotion_Recognition/test/testvdo.mp4', 'happy'),
(697, 'new', 'D:/python_project/Emotion_Recognition/Emotion_Recognition/test/testvdo.mp4', 'happy'),
(698, 'new', 'D:/python_project/Emotion_Recognition/Emotion_Recognition/test/testvdo.mp4', 'happy'),
(699, 'new', 'D:/python_project/Emotion_Recognition/Emotion_Recognition/test/testvdo.mp4', 'happy'),
(700, 'new', 'D:/python_project/Emotion_Recognition/Emotion_Recognition/test/testvdo.mp4', 'happy'),
(701, 'new', 'D:/python_project/Emotion_Recognition/Emotion_Recognition/test/testvdo.mp4', 'happy'),
(702, 'new', 'D:/python_project/Emotion_Recognition/Emotion_Recognition/test/testvdo.mp4', 'happy'),
(703, 'new', 'D:/python_project/Emotion_Recognition/Emotion_Recognition/test/testvdo.mp4', 'happy'),
(704, 'new', 'D:/python_project/Emotion_Recognition/Emotion_Recognition/test/testvdo.mp4', 'happy'),
(705, 'new', 'D:/python_project/Emotion_Recognition/Emotion_Recognition/test/testvdo.mp4', 'happy'),
(706, 'new', 'D:/python_project/Emotion_Recognition/Emotion_Recognition/test/testvdo.mp4', 'happy'),
(707, 'new', 'D:/python_project/Emotion_Recognition/Emotion_Recognition/test/testvdo.mp4', 'happy'),
(708, 'new', 'D:/python_project/Emotion_Recognition/Emotion_Recognition/test/testvdo.mp4', 'happy'),
(709, 'new', 'D:/python_project/Emotion_Recognition/Emotion_Recognition/test/testvdo.mp4', 'happy'),
(710, 'new', 'D:/python_project/Emotion_Recognition/Emotion_Recognition/test/testvdo.mp4', 'happy'),
(711, 'new', 'D:/python_project/Emotion_Recognition/Emotion_Recognition/test/testvdo.mp4', 'happy'),
(712, 'new', 'D:/python_project/Emotion_Recognition/Emotion_Recognition/test/testvdo.mp4', 'happy'),
(713, 'new', 'D:/python_project/Emotion_Recognition/Emotion_Recognition/test/testvdo.mp4', 'happy'),
(714, 'new', 'D:/python_project/Emotion_Recognition/Emotion_Recognition/test/testvdo.mp4', 'happy'),
(715, 'new', 'D:/python_project/Emotion_Recognition/Emotion_Recognition/test/testvdo.mp4', 'happy'),
(716, 'new', 'D:/python_project/Emotion_Recognition/Emotion_Recognition/test/testvdo.mp4', 'happy'),
(717, 'new', 'D:/python_project/Emotion_Recognition/Emotion_Recognition/test/testvdo.mp4', 'happy'),
(718, 'new', 'D:/python_project/Emotion_Recognition/Emotion_Recognition/test/testvdo.mp4', 'happy'),
(719, 'new', 'D:/python_project/Emotion_Recognition/Emotion_Recognition/test/testvdo.mp4', 'happy'),
(720, 'new', 'D:/python_project/Emotion_Recognition/Emotion_Recognition/test/testvdo.mp4', 'happy'),
(721, 'new', 'D:/python_project/Emotion_Recognition/Emotion_Recognition/test/testvdo.mp4', 'happy'),
(722, 'new', 'D:/python_project/Emotion_Recognition/Emotion_Recognition/test/testvdo.mp4', 'happy'),
(723, 'new', 'D:/python_project/Emotion_Recognition/Emotion_Recognition/test/testvdo.mp4', 'happy'),
(724, 'new', 'D:/python_project/Emotion_Recognition/Emotion_Recognition/test/testvdo.mp4', 'happy'),
(725, 'new', 'D:/python_project/Emotion_Recognition/Emotion_Recognition/test/testvdo.mp4', 'happy'),
(726, 'new', 'D:/python_project/Emotion_Recognition/Emotion_Recognition/test/testvdo.mp4', 'happy'),
(727, 'new', 'D:/python_project/Emotion_Recognition/Emotion_Recognition/test/testvdo.mp4', 'happy'),
(728, 'new', 'D:/python_project/Emotion_Recognition/Emotion_Recognition/test/testvdo.mp4', 'happy'),
(729, 'new', 'D:/python_project/Emotion_Recognition/Emotion_Recognition/test/testvdo.mp4', 'happy'),
(730, 'new', 'D:/python_project/Emotion_Recognition/Emotion_Recognition/test/testvdo.mp4', 'happy'),
(731, 'new', 'D:/python_project/Emotion_Recognition/Emotion_Recognition/test/testvdo.mp4', 'happy'),
(732, 'new', 'D:/python_project/Emotion_Recognition/Emotion_Recognition/test/testvdo.mp4', 'happy'),
(733, 'new', 'D:/python_project/Emotion_Recognition/Emotion_Recognition/test/testvdo.mp4', 'happy'),
(734, 'new', 'D:/python_project/Emotion_Recognition/Emotion_Recognition/test/testvdo.mp4', 'happy'),
(735, 'new', 'D:/python_project/Emotion_Recognition/Emotion_Recognition/test/testvdo.mp4', 'happy'),
(736, 'new', 'D:/python_project/Emotion_Recognition/Emotion_Recognition/test/testvdo.mp4', 'happy'),
(737, 'new', 'D:/python_project/Emotion_Recognition/Emotion_Recognition/test/testvdo.mp4', 'happy'),
(738, 'new', 'D:/python_project/Emotion_Recognition/Emotion_Recognition/test/testvdo.mp4', 'happy'),
(739, 'new', 'D:/python_project/Emotion_Recognition/Emotion_Recognition/test/testvdo.mp4', 'happy'),
(740, 'new', 'D:/python_project/Emotion_Recognition/Emotion_Recognition/test/testvdo.mp4', 'happy'),
(741, 'new', 'D:/python_project/Emotion_Recognition/Emotion_Recognition/test/testvdo.mp4', 'happy'),
(742, 'new', 'D:/python_project/Emotion_Recognition/Emotion_Recognition/test/testvdo.mp4', 'happy'),
(743, 'new', 'D:/python_project/Emotion_Recognition/Emotion_Recognition/test/testvdo.mp4', 'happy'),
(744, 'new', 'D:/python_project/Emotion_Recognition/Emotion_Recognition/test/testvdo.mp4', 'happy'),
(745, 'new', 'D:/python_project/Emotion_Recognition/Emotion_Recognition/test/testvdo.mp4', 'happy'),
(746, 'new', 'D:/python_project/Emotion_Recognition/Emotion_Recognition/test/testvdo.mp4', 'happy'),
(747, 'new', 'D:/python_project/Emotion_Recognition/Emotion_Recognition/test/testvdo.mp4', 'happy'),
(748, 'new', 'D:/python_project/Emotion_Recognition/Emotion_Recognition/test/testvdo.mp4', 'angry'),
(749, 'new', 'D:/python_project/Emotion_Recognition/Emotion_Recognition/test/testvdo.mp4', 'happy'),
(750, 'new', 'D:/python_project/Emotion_Recognition/Emotion_Recognition/test/testvdo.mp4', 'happy'),
(751, 'new', 'D:/python_project/Emotion_Recognition/Emotion_Recognition/test/testvdo.mp4', 'angry'),
(752, 'new', 'D:/python_project/Emotion_Recognition/Emotion_Recognition/test/testvdo.mp4', 'happy'),
(753, 'new', 'D:/python_project/Emotion_Recognition/Emotion_Recognition/test/testvdo.mp4', 'happy'),
(754, 'new', 'D:/python_project/Emotion_Recognition/Emotion_Recognition/test/testvdo.mp4', 'happy'),
(755, 'new', 'D:/python_project/Emotion_Recognition/Emotion_Recognition/test/testvdo.mp4', 'sad'),
(756, 'new', 'D:/python_project/Emotion_Recognition/Emotion_Recognition/test/testvdo.mp4', 'sad'),
(757, 'new', 'D:/python_project/Emotion_Recognition/Emotion_Recognition/test/testvdo.mp4', 'happy'),
(758, 'new', 'D:/python_project/Emotion_Recognition/Emotion_Recognition/test/testvdo.mp4', 'sad'),
(759, 'new', 'D:/python_project/Emotion_Recognition/Emotion_Recognition/test/testvdo.mp4', 'happy'),
(760, 'new', 'D:/python_project/Emotion_Recognition/Emotion_Recognition/test/testvdo.mp4', 'sad'),
(761, 'new', 'D:/python_project/Emotion_Recognition/Emotion_Recognition/test/testvdo.mp4', 'sad'),
(762, 'new', 'D:/python_project/Emotion_Recognition/Emotion_Recognition/test/testvdo.mp4', 'happy'),
(763, 'new', 'D:/python_project/Emotion_Recognition/Emotion_Recognition/test/testvdo.mp4', 'sad'),
(764, 'new', 'D:/python_project/Emotion_Recognition/Emotion_Recognition/test/testvdo.mp4', 'sad'),
(765, 'new', 'D:/python_project/Emotion_Recognition/Emotion_Recognition/test/testvdo.mp4', 'happy'),
(766, 'new', 'D:/python_project/Emotion_Recognition/Emotion_Recognition/test/testvdo.mp4', 'angry'),
(767, 'new', 'D:/python_project/Emotion_Recognition/Emotion_Recognition/test/testvdo.mp4', 'sad'),
(768, 'new', 'D:/python_project/Emotion_Recognition/Emotion_Recognition/test/testvdo.mp4', 'happy'),
(769, 'new', 'D:/python_project/Emotion_Recognition/Emotion_Recognition/test/testvdo.mp4', 'sad'),
(770, 'new', 'D:/python_project/Emotion_Recognition/Emotion_Recognition/test/testvdo.mp4', 'happy'),
(771, 'new', 'D:/python_project/Emotion_Recognition/Emotion_Recognition/test/testvdo.mp4', 'sad'),
(772, 'new', 'D:/python_project/Emotion_Recognition/Emotion_Recognition/test/testvdo.mp4', 'sad'),
(773, 'new', 'D:/python_project/Emotion_Recognition/Emotion_Recognition/test/testvdo.mp4', 'happy'),
(774, 'new', 'D:/python_project/Emotion_Recognition/Emotion_Recognition/test/testvdo.mp4', 'happy'),
(775, 'new', 'D:/python_project/Emotion_Recognition/Emotion_Recognition/test/testvdo.mp4', 'neutral'),
(776, 'new', 'D:/python_project/Emotion_Recognition/Emotion_Recognition/test/testvdo.mp4', 'happy'),
(777, 'new', 'D:/python_project/Emotion_Recognition/Emotion_Recognition/test/testvdo.mp4', 'angry'),
(778, 'new', 'D:/python_project/Emotion_Recognition/Emotion_Recognition/test/testvdo.mp4', 'happy'),
(779, 'new', 'D:/python_project/Emotion_Recognition/Emotion_Recognition/test/testvdo.mp4', 'neutral'),
(780, 'new', 'D:/python_project/Emotion_Recognition/Emotion_Recognition/test/testvdo.mp4', 'happy'),
(781, 'new', 'D:/python_project/Emotion_Recognition/Emotion_Recognition/test/testvdo.mp4', 'neutral'),
(782, 'new', 'D:/python_project/Emotion_Recognition/Emotion_Recognition/test/testvdo.mp4', 'sad'),
(783, 'new', 'D:/python_project/Emotion_Recognition/Emotion_Recognition/test/testvdo.mp4', 'neutral'),
(784, 'new', 'D:/python_project/Emotion_Recognition/Emotion_Recognition/test/testvdo.mp4', 'sad'),
(785, 'new', 'D:/python_project/Emotion_Recognition/Emotion_Recognition/test/testvdo.mp4', 'neutral'),
(786, 'new', 'D:/python_project/Emotion_Recognition/Emotion_Recognition/test/testvdo.mp4', 'sad'),
(787, 'new', 'D:/python_project/Emotion_Recognition/Emotion_Recognition/test/testvdo.mp4', 'angry'),
(788, 'new', 'D:/python_project/Emotion_Recognition/Emotion_Recognition/test/testvdo.mp4', 'neutral'),
(789, 'new', 'D:/python_project/Emotion_Recognition/Emotion_Recognition/test/testvdo.mp4', 'sad'),
(790, 'new', 'D:/python_project/Emotion_Recognition/Emotion_Recognition/test/testvdo.mp4', 'angry'),
(791, 'new', 'D:/python_project/Emotion_Recognition/Emotion_Recognition/test/testvdo.mp4', 'sad'),
(792, 'new', 'D:/python_project/Emotion_Recognition/Emotion_Recognition/test/testvdo.mp4', 'angry'),
(793, 'new', 'D:/python_project/Emotion_Recognition/Emotion_Recognition/test/testvdo.mp4', 'sad'),
(794, 'new', 'D:/python_project/Emotion_Recognition/Emotion_Recognition/test/testvdo.mp4', 'angry'),
(795, 'new', 'D:/python_project/Emotion_Recognition/Emotion_Recognition/test/testvdo.mp4', 'sad'),
(796, 'new', 'D:/python_project/Emotion_Recognition/Emotion_Recognition/test/testvdo.mp4', 'sad'),
(797, 'new', 'D:/python_project/Emotion_Recognition/Emotion_Recognition/test/testvdo.mp4', 'angry'),
(798, 'new', 'D:/python_project/Emotion_Recognition/Emotion_Recognition/test/testvdo.mp4', 'angry'),
(799, 'new', 'D:/python_project/Emotion_Recognition/Emotion_Recognition/test/testvdo.mp4', 'sad'),
(800, 'new', 'D:/python_project/Emotion_Recognition/Emotion_Recognition/test/testvdo.mp4', 'angry'),
(801, 'new', 'D:/python_project/Emotion_Recognition/Emotion_Recognition/test/testvdo.mp4', 'sad'),
(802, 'new', 'D:/python_project/Emotion_Recognition/Emotion_Recognition/test/testvdo.mp4', 'angry'),
(803, 'new', 'D:/python_project/Emotion_Recognition/Emotion_Recognition/test/testvdo.mp4', 'sad'),
(804, 'new', 'D:/python_project/Emotion_Recognition/Emotion_Recognition/test/testvdo.mp4', 'sad'),
(805, 'new', 'D:/python_project/Emotion_Recognition/Emotion_Recognition/test/testvdo.mp4', 'neutral'),
(806, 'new', 'D:/python_project/Emotion_Recognition/Emotion_Recognition/test/testvdo.mp4', 'sad'),
(807, 'new', 'D:/python_project/Emotion_Recognition/Emotion_Recognition/test/testvdo.mp4', 'neutral'),
(808, 'new', 'D:/python_project/Emotion_Recognition/Emotion_Recognition/test/testvdo.mp4', 'sad'),
(809, 'new', 'D:/python_project/Emotion_Recognition/Emotion_Recognition/test/testvdo.mp4', 'angry'),
(810, 'new', 'D:/python_project/Emotion_Recognition/Emotion_Recognition/test/testvdo.mp4', 'sad'),
(811, 'new', 'D:/python_project/Emotion_Recognition/Emotion_Recognition/test/testvdo.mp4', 'angry'),
(812, 'new', 'D:/python_project/Emotion_Recognition/Emotion_Recognition/test/testvdo.mp4', 'sad'),
(813, 'new', 'D:/python_project/Emotion_Recognition/Emotion_Recognition/test/testvdo.mp4', 'angry'),
(814, 'new', 'D:/python_project/Emotion_Recognition/Emotion_Recognition/test/testvdo.mp4', 'sad'),
(815, 'new', 'D:/python_project/Emotion_Recognition/Emotion_Recognition/test/testvdo.mp4', 'angry'),
(816, 'new', 'D:/python_project/Emotion_Recognition/Emotion_Recognition/test/testvdo.mp4', 'angry'),
(817, 'new', 'D:/python_project/Emotion_Recognition/Emotion_Recognition/test/testvdo.mp4', 'sad'),
(818, 'new', 'D:/python_project/Emotion_Recognition/Emotion_Recognition/test/testvdo.mp4', 'angry'),
(819, 'new', 'D:/python_project/Emotion_Recognition/Emotion_Recognition/test/testvdo.mp4', 'sad'),
(820, 'new', 'D:/python_project/Emotion_Recognition/Emotion_Recognition/test/testvdo.mp4', 'angry'),
(821, 'new', 'D:/python_project/Emotion_Recognition/Emotion_Recognition/test/testvdo.mp4', 'sad'),
(822, 'new', 'D:/python_project/Emotion_Recognition/Emotion_Recognition/test/testvdo.mp4', 'angry'),
(823, 'new', 'D:/python_project/Emotion_Recognition/Emotion_Recognition/test/testvdo.mp4', 'sad'),
(824, 'new', 'D:/python_project/Emotion_Recognition/Emotion_Recognition/test/testvdo.mp4', 'angry'),
(825, 'new', 'D:/python_project/Emotion_Recognition/Emotion_Recognition/test/testvdo.mp4', 'sad'),
(826, 'new', 'D:/python_project/Emotion_Recognition/Emotion_Recognition/test/testvdo.mp4', 'angry'),
(827, 'new', 'D:/python_project/Emotion_Recognition/Emotion_Recognition/test/testvdo.mp4', 'sad'),
(828, 'new', 'D:/python_project/Emotion_Recognition/Emotion_Recognition/test/testvdo.mp4', 'angry'),
(829, 'new', 'D:/python_project/Emotion_Recognition/Emotion_Recognition/test/testvdo.mp4', 'sad'),
(830, 'new', 'D:/python_project/Emotion_Recognition/Emotion_Recognition/test/testvdo.mp4', 'angry'),
(831, 'new', 'D:/python_project/Emotion_Recognition/Emotion_Recognition/test/testvdo.mp4', 'happy'),
(832, 'new', 'D:/python_project/Emotion_Recognition/Emotion_Recognition/test/testvdo.mp4', 'angry'),
(833, 'new', 'D:/python_project/Emotion_Recognition/Emotion_Recognition/test/testvdo.mp4', 'angry'),
(834, 'new', 'D:/python_project/Emotion_Recognition/Emotion_Recognition/test/testvdo.mp4', 'sad'),
(835, 'new', 'D:/python_project/Emotion_Recognition/Emotion_Recognition/test/testvdo.mp4', 'angry'),
(836, 'new', 'D:/python_project/Emotion_Recognition/Emotion_Recognition/test/testvdo.mp4', 'angry'),
(837, 'new', 'D:/python_project/Emotion_Recognition/Emotion_Recognition/test/testvdo.mp4', 'angry'),
(838, 'new', 'D:/python_project/Emotion_Recognition/Emotion_Recognition/test/testvdo.mp4', 'angry'),
(839, 'new', 'D:/python_project/Emotion_Recognition/Emotion_Recognition/test/testvdo.mp4', 'angry'),
(840, 'new', 'D:/python_project/Emotion_Recognition/Emotion_Recognition/test/testvdo.mp4', 'angry'),
(841, 'new', 'D:/python_project/Emotion_Recognition/Emotion_Recognition/test/testvdo.mp4', 'angry'),
(842, 'new', 'D:/python_project/Emotion_Recognition/Emotion_Recognition/test/testvdo.mp4', 'angry'),
(843, 'new', 'D:/python_project/Emotion_Recognition/Emotion_Recognition/test/testvdo.mp4', 'angry'),
(844, 'new', 'D:/python_project/Emotion_Recognition/Emotion_Recognition/test/testvdo.mp4', 'fear'),
(845, 'new', 'D:/python_project/Emotion_Recognition/Emotion_Recognition/test/testvdo.mp4', 'angry'),
(846, 'new', 'D:/python_project/Emotion_Recognition/Emotion_Recognition/test/testvdo.mp4', 'angry'),
(847, 'new', 'D:/python_project/Emotion_Recognition/Emotion_Recognition/test/testvdo.mp4', 'angry'),
(848, 'new', 'D:/python_project/Emotion_Recognition/Emotion_Recognition/test/testvdo.mp4', 'angry'),
(849, 'new', 'D:/python_project/Emotion_Recognition/Emotion_Recognition/test/testvdo.mp4', 'sad'),
(850, 'new', 'D:/python_project/Emotion_Recognition/Emotion_Recognition/test/testvdo.mp4', 'fear'),
(851, 'new', 'D:/python_project/Emotion_Recognition/Emotion_Recognition/test/testvdo.mp4', 'angry'),
(852, 'new', 'D:/python_project/Emotion_Recognition/Emotion_Recognition/test/testvdo.mp4', 'angry'),
(853, 'new', 'D:/python_project/Emotion_Recognition/Emotion_Recognition/test/testvdo.mp4', 'angry'),
(854, 'new', 'D:/python_project/Emotion_Recognition/Emotion_Recognition/test/testvdo.mp4', 'angry'),
(855, 'new', 'D:/python_project/Emotion_Recognition/Emotion_Recognition/test/testvdo.mp4', 'sad'),
(856, 'new', 'D:/python_project/Emotion_Recognition/Emotion_Recognition/test/testvdo.mp4', 'sad'),
(857, 'new', 'D:/python_project/Emotion_Recognition/Emotion_Recognition/test/testvdo.mp4', 'sad'),
(858, 'new', 'D:/python_project/Emotion_Recognition/Emotion_Recognition/test/testvdo.mp4', 'sad'),
(859, 'new', 'D:/python_project/Emotion_Recognition/Emotion_Recognition/test/testvdo.mp4', 'sad'),
(860, 'new', 'D:/python_project/Emotion_Recognition/Emotion_Recognition/test/testvdo.mp4', 'sad'),
(861, 'new', 'D:/python_project/Emotion_Recognition/Emotion_Recognition/test/testvdo.mp4', 'sad');

-- --------------------------------------------------------

--
-- Table structure for table `user_registermodel`
--

CREATE TABLE IF NOT EXISTS `user_registermodel` (
  `id` int(11) NOT NULL AUTO_INCREMENT,
  `firstname` varchar(300) NOT NULL,
  `lastname` varchar(200) NOT NULL,
  `password` varchar(200) NOT NULL,
  `repassword` varchar(200) NOT NULL,
  `email` varchar(400) NOT NULL,
  PRIMARY KEY (`id`)
) ENGINE=InnoDB  DEFAULT CHARSET=latin1 AUTO_INCREMENT=2 ;

--
-- Dumping data for table `user_registermodel`
--

INSERT INTO `user_registermodel` (`id`, `firstname`, `lastname`, `password`, `repassword`, `email`) VALUES
(1, 'new', 'new', 'new', 'new', 'new@gmail.com');

--
-- Constraints for dumped tables
--

--
-- Constraints for table `auth_group_permissions`
--
ALTER TABLE `auth_group_permissions`
  ADD CONSTRAINT `auth_group_permissions_group_id_b120cbf9_fk_auth_group_id` FOREIGN KEY (`group_id`) REFERENCES `auth_group` (`id`),
  ADD CONSTRAINT `auth_group_permissio_permission_id_84c5c92e_fk_auth_perm` FOREIGN KEY (`permission_id`) REFERENCES `auth_permission` (`id`);

--
-- Constraints for table `auth_permission`
--
ALTER TABLE `auth_permission`
  ADD CONSTRAINT `auth_permission_content_type_id_2f476e4b_fk_django_co` FOREIGN KEY (`content_type_id`) REFERENCES `django_content_type` (`id`);

--
-- Constraints for table `auth_user_groups`
--
ALTER TABLE `auth_user_groups`
  ADD CONSTRAINT `auth_user_groups_group_id_97559544_fk_auth_group_id` FOREIGN KEY (`group_id`) REFERENCES `auth_group` (`id`),
  ADD CONSTRAINT `auth_user_groups_user_id_6a12ed8b_fk_auth_user_id` FOREIGN KEY (`user_id`) REFERENCES `auth_user` (`id`);

--
-- Constraints for table `auth_user_user_permissions`
--
ALTER TABLE `auth_user_user_permissions`
  ADD CONSTRAINT `auth_user_user_permissions_user_id_a95ead1b_fk_auth_user_id` FOREIGN KEY (`user_id`) REFERENCES `auth_user` (`id`),
  ADD CONSTRAINT `auth_user_user_permi_permission_id_1fbb5f2c_fk_auth_perm` FOREIGN KEY (`permission_id`) REFERENCES `auth_permission` (`id`);

--
-- Constraints for table `django_admin_log`
--
ALTER TABLE `django_admin_log`
  ADD CONSTRAINT `django_admin_log_content_type_id_c4bce8eb_fk_django_co` FOREIGN KEY (`content_type_id`) REFERENCES `django_content_type` (`id`),
  ADD CONSTRAINT `django_admin_log_user_id_c564eba6_fk_auth_user_id` FOREIGN KEY (`user_id`) REFERENCES `auth_user` (`id`);

/*!40101 SET CHARACTER_SET_CLIENT=@OLD_CHARACTER_SET_CLIENT */;
/*!40101 SET CHARACTER_SET_RESULTS=@OLD_CHARACTER_SET_RESULTS */;
/*!40101 SET COLLATION_CONNECTION=@OLD_COLLATION_CONNECTION */;
